datetime,open,high,low,close,volume
2026-02-02T14:00:00+00:00,44.93000000000005,46.730000000000054,43.97000000000005,46.09000000000005,7617
2026-02-02T15:00:00+00:00,46.09000000000005,47.28000000000005,45.97000000000005,46.93000000000005,11751
2026-02-02T16:00:00+00:00,46.93000000000005,47.550000000000054,46.92000000000005,47.46000000000005,8849
2026-02-02T17:00:00+00:00,47.46000000000005,47.77000000000005,47.40000000000005,47.49000000000005,5081
2026-02-02T18:00:00+00:00,47.49000000000005,48.31000000000005,47.45000000000005,48.28000000000005,3568
2026-02-02T19:00:00+00:00,48.28000000000005,48.28000000000005,47.38000000000005,47.42000000000005,4509
2026-02-02T20:00:00+00:00,47.42000000000005,47.76000000000005,47.06000000000005,47.26000000000005,5980
2026-02-03T14:00:00+00:00,47.26000000000005,49.95000000000005,47.26000000000005,47.86000000000005,8928
2026-02-03T15:00:00+00:00,47.86000000000005,48.74000000000005,47.56000000000005,48.70000000000005,18199
2026-02-03T16:00:00+00:00,48.70000000000005,48.74000000000005,48.13000000000005,48.51000000000005,12146
2026-02-03T17:00:00+00:00,48.51000000000005,48.56000000000005,47.300000000000054,47.46000000000005,11605
2026-02-03T18:00:00+00:00,47.46000000000005,47.67000000000005,46.980000000000054,47.01000000000005,10929
2026-02-03T19:00:00+00:00,47.01000000000005,47.70000000000005,46.88000000000005,47.53000000000005,12009
2026-02-03T20:00:00+00:00,47.53000000000005,47.85000000000005,47.09000000000005,47.72000000000005,9354
2026-02-04T14:00:00+00:00,47.72000000000005,48.14000000000005,46.81000000000005,47.74000000000005,8274
2026-02-04T15:00:00+00:00,47.74000000000005,47.76000000000005,45.66000000000005,45.74000000000005,26128
2026-02-04T16:00:00+00:00,45.74000000000005,46.25000000000005,45.46000000000005,46.17000000000005,15593
2026-02-04T17:00:00+00:00,46.17000000000005,46.20000000000005,45.46000000000005,45.95000000000005,15537
2026-02-04T18:00:00+00:00,45.95000000000005,46.49000000000005,45.800000000000054,46.35000000000005,14910
2026-02-04T19:00:00+00:00,46.35000000000005,47.93000000000005,46.13000000000005,47.92000000000005,13387
2026-02-04T20:00:00+00:00,47.92000000000005,48.15000000000005,47.03000000000005,47.08000000000005,12467
2026-02-05T14:00:00+00:00,47.08000000000005,49.32000000000005,45.620000000000054,47.53000000000005,10538
2026-02-05T15:00:00+00:00,47.53000000000005,47.58000000000005,45.68000000000005,46.20000000000005,18770
2026-02-05T16:00:00+00:00,46.20000000000005,46.79000000000005,45.24000000000005,46.72000000000005,15625
2026-02-05T17:00:00+00:00,46.72000000000005,46.72000000000005,46.19000000000005,46.64000000000005,13748
2026-02-05T18:00:00+00:00,46.64000000000005,47.00000000000005,46.39000000000005,46.68000000000005,12149
2026-02-05T19:00:00+00:00,46.68000000000005,47.47000000000005,46.51000000000005,47.120000000000054,11999
2026-02-05T20:00:00+00:00,47.120000000000054,47.300000000000054,46.56000000000005,46.72000000000005,11067
2026-02-06T14:00:00+00:00,46.72000000000005,49.67000000000005,46.72000000000005,48.50000000000005,10090
2026-02-06T15:00:00+00:00,48.50000000000005,48.74000000000005,47.61000000000005,48.53000000000005,23264
2026-02-06T16:00:00+00:00,48.53000000000005,49.58000000000005,48.44000000000005,49.24000000000005,11140
2026-02-06T17:00:00+00:00,49.24000000000005,49.58000000000005,49.13000000000005,49.49000000000005,7648
2026-02-06T18:00:00+00:00,49.49000000000005,49.77000000000005,49.45000000000005,49.56000000000005,4394
2026-02-06T19:00:00+00:00,49.56000000000005,49.620000000000054,48.93000000000005,48.97000000000005,3493
2026-02-06T20:00:00+00:00,48.97000000000005,49.24000000000005,48.870000000000054,49.04000000000005,3591
2026-02-09T14:00:00+00:00,49.04000000000005,49.04000000000005,46.050000000000054,47.94000000000005,10799
2026-02-09T15:00:00+00:00,47.94000000000005,48.77000000000005,47.91000000000005,48.72000000000005,12376
2026-02-09T16:00:00+00:00,48.72000000000005,49.16000000000005,48.69000000000005,48.97000000000005,6979
2026-02-09T17:00:00+00:00,48.97000000000005,49.43000000000005,48.97000000000005,49.34000000000005,4168
2026-02-09T18:00:00+00:00,49.34000000000005,49.69000000000005,49.01000000000005,49.35000000000005,5161
2026-02-09T19:00:00+00:00,49.35000000000005,49.480000000000054,49.21000000000005,49.26000000000005,2618
2026-02-09T20:00:00+00:00,49.26000000000005,49.44000000000005,48.64000000000005,48.69000000000005,3880
2026-02-10T14:00:00+00:00,48.69000000000005,48.99000000000005,46.83000000000005,47.51000000000005,8112
2026-02-10T15:00:00+00:00,47.51000000000005,47.56000000000005,46.44000000000005,46.68000000000005,9668
2026-02-10T16:00:00+00:00,46.68000000000005,47.050000000000054,46.02000000000005,46.19000000000005,8736
2026-02-10T17:00:00+00:00,46.19000000000005,46.34000000000005,45.99000000000005,46.27000000000005,4533
2026-02-10T18:00:00+00:00,46.27000000000005,46.300000000000054,45.730000000000054,45.89000000000005,3887
2026-02-10T19:00:00+00:00,45.89000000000005,45.96000000000005,45.36000000000005,45.47000000000005,2807
2026-02-10T20:00:00+00:00,45.47000000000005,45.69000000000005,45.22000000000005,45.61000000000005,4091
2026-02-11T14:00:00+00:00,45.61000000000005,48.02000000000005,45.61000000000005,47.52000000000005,9118
2026-02-11T15:00:00+00:00,47.52000000000005,47.63000000000005,45.31000000000005,46.550000000000054,23270
2026-02-11T16:00:00+00:00,46.550000000000054,46.79000000000005,46.27000000000005,46.54000000000005,13412
2026-02-11T17:00:00+00:00,46.54000000000005,46.67000000000005,46.18000000000005,46.21000000000005,8394
2026-02-11T18:00:00+00:00,46.21000000000005,46.300000000000054,45.800000000000054,46.21000000000005,8147
2026-02-11T19:00:00+00:00,46.21000000000005,46.370000000000054,45.96000000000005,46.02000000000005,6320
2026-02-11T20:00:00+00:00,46.02000000000005,46.96000000000005,45.93000000000005,46.69000000000005,5376
2026-02-12T14:00:00+00:00,46.69000000000005,47.42000000000005,45.88000000000005,46.230000000000054,8185
2026-02-12T15:00:00+00:00,46.230000000000054,46.870000000000054,45.97000000000005,46.00000000000005,12009
2026-02-12T16:00:00+00:00,46.00000000000005,46.10000000000005,44.93000000000005,45.53000000000005,16820
2026-02-12T17:00:00+00:00,45.53000000000005,45.76000000000005,45.050000000000054,45.09000000000005,13292
2026-02-12T18:00:00+00:00,45.09000000000005,45.35000000000005,44.79000000000005,45.10000000000005,10220
2026-02-12T19:00:00+00:00,45.10000000000005,45.41000000000005,45.02000000000005,45.07000000000005,7947
2026-02-12T20:00:00+00:00,45.07000000000005,45.17000000000005,44.65000000000005,44.96000000000005,7350
2026-02-13T14:00:00+00:00,44.96000000000005,45.47000000000005,43.42000000000005,45.050000000000054,11222
2026-02-13T15:00:00+00:00,45.050000000000054,46.16000000000005,44.86000000000005,45.60000000000005,20048
2026-02-13T16:00:00+00:00,45.60000000000005,45.89000000000005,45.34000000000005,45.76000000000005,13213
2026-02-13T17:00:00+00:00,45.76000000000005,46.04000000000005,45.69000000000005,45.75000000000005,8118
2026-02-13T18:00:00+00:00,45.75000000000005,45.89000000000005,45.480000000000054,45.54000000000005,9783
2026-02-13T19:00:00+00:00,45.54000000000005,45.67000000000005,45.22000000000005,45.300000000000054,7966
2026-02-13T20:00:00+00:00,45.300000000000054,45.47000000000005,45.10000000000005,45.25000000000005,8719
2026-02-17T14:00:00+00:00,45.25000000000005,45.25000000000005,44.16000000000005,44.27000000000005,9553
2026-02-17T15:00:00+00:00,44.27000000000005,45.02000000000005,43.91000000000005,44.58000000000005,20727
2026-02-17T16:00:00+00:00,44.58000000000005,45.07000000000005,44.57000000000005,44.84000000000005,11843
2026-02-17T17:00:00+00:00,44.84000000000005,44.94000000000005,44.56000000000005,44.75000000000005,10670
2026-02-17T18:00:00+00:00,44.75000000000005,45.27000000000005,44.57000000000005,45.19000000000005,9165
2026-02-17T19:00:00+00:00,45.19000000000005,45.300000000000054,44.96000000000005,45.00000000000005,5205
2026-02-17T20:00:00+00:00,45.00000000000005,45.11000000000005,44.53000000000005,44.67000000000005,3390
2026-02-18T14:00:00+00:00,44.67000000000005,44.68000000000005,43.35000000000005,44.56000000000005,7762
2026-02-18T15:00:00+00:00,44.56000000000005,45.21000000000005,44.42000000000005,45.03000000000005,8712
2026-02-18T16:00:00+00:00,45.03000000000005,45.22000000000005,44.71000000000005,44.71000000000005,4500
2026-02-18T17:00:00+00:00,44.71000000000005,44.800000000000054,44.41000000000005,44.58000000000005,2559
2026-02-18T18:00:00+00:00,44.58000000000005,44.74000000000005,44.17000000000005,44.370000000000054,3532
2026-02-18T19:00:00+00:00,44.370000000000054,44.41000000000005,43.75000000000006,43.78000000000005,5087
2026-02-18T20:00:00+00:00,43.78000000000005,44.06000000000005,43.610000000000056,43.95000000000005,4269
2026-02-19T14:00:00+00:00,43.95000000000005,43.95000000000005,42.39000000000006,42.96000000000005,8083
2026-02-19T15:00:00+00:00,42.96000000000005,43.68000000000006,42.830000000000055,43.260000000000055,13298
2026-02-19T16:00:00+00:00,43.260000000000055,43.41000000000006,42.75000000000006,42.75000000000006,8084
2026-02-19T17:00:00+00:00,42.75000000000006,43.220000000000056,42.68000000000006,43.10000000000006,6985
2026-02-19T18:00:00+00:00,43.10000000000006,43.330000000000055,42.940000000000055,43.110000000000056,5740
2026-02-19T19:00:00+00:00,43.110000000000056,43.18000000000006,42.92000000000006,43.120000000000054,4332
2026-02-19T20:00:00+00:00,43.120000000000054,43.220000000000056,42.70000000000006,43.13000000000006,2674
2026-02-20T14:00:00+00:00,43.13000000000006,43.13000000000006,41.59000000000006,41.790000000000056,6899
2026-02-20T15:00:00+00:00,41.790000000000056,42.43000000000006,41.38000000000006,42.18000000000006,14367
2026-02-20T16:00:00+00:00,42.18000000000006,42.38000000000006,41.77000000000006,42.07000000000006,8242
2026-02-20T17:00:00+00:00,42.07000000000006,42.18000000000006,41.74000000000006,42.150000000000055,7975
2026-02-20T18:00:00+00:00,42.150000000000055,42.89000000000006,42.080000000000055,42.800000000000054,7937
2026-02-20T19:00:00+00:00,42.800000000000054,42.870000000000054,42.620000000000054,42.730000000000054,3736
2026-02-20T20:00:00+00:00,42.730000000000054,42.77000000000006,42.46000000000006,42.63000000000006,3424
2026-02-23T14:00:00+00:00,42.63000000000006,42.940000000000055,42.360000000000056,42.64000000000006,7292
2026-02-23T15:00:00+00:00,42.64000000000006,43.050000000000054,42.53000000000006,42.550000000000054,11691
2026-02-23T16:00:00+00:00,42.550000000000054,42.610000000000056,42.16000000000006,42.220000000000056,8027
2026-02-23T17:00:00+00:00,42.220000000000056,42.300000000000054,41.760000000000055,42.00000000000006,4339
2026-02-23T18:00:00+00:00,42.00000000000006,42.14000000000006,41.74000000000006,41.790000000000056,2462
2026-02-23T19:00:00+00:00,41.790000000000056,41.95000000000006,41.720000000000056,41.88000000000006,2036
2026-02-23T20:00:00+00:00,41.88000000000006,42.17000000000006,41.68000000000006,42.16000000000006,2828
2026-02-24T14:00:00+00:00,42.16000000000006,43.510000000000055,42.040000000000056,42.84000000000006,7576
2026-02-24T15:00:00+00:00,42.84000000000006,44.39000000000006,42.59000000000006,44.190000000000055,10771
2026-02-24T16:00:00+00:00,44.190000000000055,44.56000000000006,43.53000000000006,44.220000000000056,9785.213178294573
2026-02-24T17:00:00+00:00,44.220000000000056,44.60000000000006,44.110000000000056,44.28000000000006,4363
2026-02-24T18:00:00+00:00,44.28000000000006,44.77000000000006,44.27000000000006,44.68000000000006,4273
2026-02-24T19:00:00+00:00,44.68000000000006,45.03000000000006,44.480000000000054,44.67000000000006,4681
2026-02-24T20:00:00+00:00,44.67000000000006,45.110000000000056,44.52000000000006,44.63000000000006,4382
2026-02-25T14:00:00+00:00,44.63000000000006,45.120000000000054,44.110000000000056,44.31000000000006,6314
2026-02-25T15:00:00+00:00,44.31000000000006,44.470000000000056,44.000000000000064,44.17000000000006,7018
2026-02-25T16:00:00+00:00,44.17000000000006,44.56000000000006,44.13000000000006,44.34000000000006,4058
2026-02-25T17:00:00+00:00,44.34000000000006,45.15000000000006,44.34000000000006,45.13000000000006,4147
2026-02-25T18:00:00+00:00,45.13000000000006,45.41000000000006,45.01000000000006,45.31000000000006,2934
2026-02-25T19:00:00+00:00,45.31000000000006,45.41000000000006,45.17000000000006,45.320000000000064,2034
2026-02-25T20:00:00+00:00,45.320000000000064,45.42000000000006,45.09000000000006,45.34000000000006,2745
2026-02-26T14:00:00+00:00,45.34000000000006,45.40000000000006,43.540000000000056,43.620000000000054,7763
2026-02-26T15:00:00+00:00,43.620000000000054,43.96000000000006,42.82000000000006,43.75000000000006,16586
2026-02-26T16:00:00+00:00,43.75000000000006,43.96000000000006,43.42000000000006,43.52000000000006,9615
2026-02-26T17:00:00+00:00,43.52000000000006,43.760000000000055,43.35000000000006,43.59000000000006,4646
2026-02-26T18:00:00+00:00,43.59000000000006,44.03000000000006,43.470000000000056,43.96000000000005,5340.859004694905
2026-02-26T19:00:00+00:00,43.96000000000005,44.17000000000006,43.49000000000007,43.49000000000007,3835.98874622329
2026-02-26T20:00:00+00:00,43.49000000000007,43.770000000000074,43.28000000000008,43.71000000000008,3945.4132945415017
2026-02-27T14:00:00+00:00,43.71000000000008,43.940000000000076,42.61000000000008,43.82000000000008,6669
2026-02-27T15:00:00+00:00,43.82000000000008,44.79000000000008,43.550000000000075,43.85000000000007,11971.045025013897
2026-02-27T16:00:00+00:00,43.85000000000007,43.86000000000007,43.50000000000007,43.60000000000007,7719
2026-02-27T17:00:00+00:00,43.60000000000007,43.95000000000007,43.43000000000007,43.56000000000007,7087
2026-02-27T18:00:00+00:00,43.56000000000007,43.59000000000007,43.14000000000007,43.22000000000007,5778
2026-02-27T19:00:00+00:00,43.22000000000007,43.67000000000007,43.130000000000074,43.61000000000007,4986
2026-02-27T20:00:00+00:00,43.61000000000007,43.89000000000007,43.58000000000007,43.81000000000007,3717
2026-03-02T14:00:00+00:00,43.81000000000007,45.43000000000007,43.60000000000007,44.57000000000007,9083
2026-03-02T15:00:00+00:00,44.57000000000007,44.67000000000007,43.950000000000074,44.37000000000007,11877
2026-03-02T16:00:00+00:00,44.37000000000007,44.92000000000007,44.32000000000007,44.630000000000074,10091
2026-03-02T17:00:00+00:00,44.630000000000074,44.980000000000075,44.43000000000007,44.910000000000075,7183
2026-03-02T18:00:00+00:00,44.910000000000075,44.93000000000007,44.51000000000007,44.56000000000007,5348
2026-03-02T19:00:00+00:00,44.56000000000007,45.11000000000007,44.50000000000007,44.93000000000007,3648
2026-03-02T20:00:00+00:00,44.93000000000007,45.32000000000007,44.56000000000007,45.130000000000074,9311
2026-03-03T14:00:00+00:00,45.130000000000074,45.130000000000074,41.800000000000075,42.410000000000075,10625
2026-03-03T15:00:00+00:00,42.410000000000075,42.910000000000075,41.81000000000007,42.64000000000007,20613
2026-03-03T16:00:00+00:00,42.64000000000007,43.270000000000074,42.520000000000074,43.020000000000074,14124
2026-03-03T17:00:00+00:00,43.020000000000074,43.14000000000007,42.64000000000007,42.840000000000074,9833
2026-03-03T18:00:00+00:00,42.840000000000074,43.160000000000075,42.82000000000007,42.96000000000007,7765
2026-03-03T19:00:00+00:00,42.96000000000007,43.33000000000007,42.87000000000007,43.14000000000007,8803
2026-03-03T20:00:00+00:00,43.14000000000007,43.270000000000074,42.65000000000007,42.770000000000074,6348
2026-03-04T14:00:00+00:00,42.770000000000074,43.980000000000075,42.770000000000074,43.03000000000007,8187
2026-03-04T15:00:00+00:00,43.03000000000007,44.68000000000007,43.03000000000007,44.65000000000007,10354
2026-03-04T16:00:00+00:00,44.65000000000007,45.39000000000007,44.25000000000007,45.160000000000075,11753
2026-03-04T17:00:00+00:00,45.160000000000075,45.770000000000074,44.880000000000074,45.380000000000074,9330
2026-03-04T18:00:00+00:00,45.380000000000074,45.57000000000007,45.04000000000007,45.42000000000007,6090
2026-03-04T19:00:00+00:00,45.42000000000007,45.64000000000007,45.36000000000007,45.57000000000007,2939
2026-03-04T20:00:00+00:00,45.57000000000007,45.68000000000007,45.12000000000007,45.21000000000007,4242
2026-03-05T14:00:00+00:00,45.21000000000007,45.71000000000007,44.340000000000074,45.700000000000074,7114
2026-03-05T15:00:00+00:00,45.700000000000074,46.130000000000074,45.21000000000007,45.550000000000075,11770
2026-03-05T16:00:00+00:00,45.550000000000075,45.770000000000074,45.25000000000007,45.65000000000007,10428
2026-03-05T17:00:00+00:00,45.65000000000007,45.910000000000075,44.380000000000074,44.53000000000007,10890
2026-03-05T18:00:00+00:00,44.53000000000007,45.090000000000074,44.50000000000007,44.89000000000007,11559
2026-03-05T19:00:00+00:00,44.89000000000007,45.19000000000007,44.75000000000007,44.92000000000007,9176
2026-03-05T20:00:00+00:00,44.92000000000007,45.630000000000074,44.82000000000007,45.60000000000007,10307
2026-03-06T14:00:00+00:00,45.60000000000007,45.60000000000007,43.72000000000007,44.300000000000075,8852
2026-03-06T15:00:00+00:00,44.300000000000075,44.67000000000007,44.12000000000007,44.32000000000007,15868
2026-03-06T16:00:00+00:00,44.32000000000007,44.83000000000007,44.28000000000007,44.62000000000007,12695
2026-03-06T17:00:00+00:00,44.62000000000007,44.79000000000007,44.24000000000007,44.25000000000007,9639
2026-03-06T18:00:00+00:00,44.25000000000007,44.62000000000007,44.200000000000074,44.22000000000007,9062
2026-03-06T19:00:00+00:00,44.22000000000007,44.36000000000007,43.93000000000007,43.94000000000007,6622
2026-03-06T20:00:00+00:00,43.94000000000007,44.130000000000074,42.92000000000007,43.07000000000007,10353
2026-03-09T13:00:00+00:00,43.07000000000007,43.090000000000074,41.300000000000075,42.99000000000007,9307
2026-03-09T14:00:00+00:00,42.99000000000007,43.24000000000007,42.49000000000007,43.03000000000007,15061
2026-03-09T15:00:00+00:00,43.03000000000007,43.87000000000007,42.980000000000075,43.78000000000007,9674
2026-03-09T16:00:00+00:00,43.78000000000007,44.18000000000007,43.57000000000007,44.11000000000007,7444
2026-03-09T17:00:00+00:00,44.11000000000007,44.15000000000007,43.730000000000075,43.880000000000074,6728
2026-03-09T18:00:00+00:00,43.880000000000074,44.47000000000007,43.840000000000074,44.26000000000007,4164
2026-03-09T19:00:00+00:00,44.26000000000007,45.40000000000007,44.19000000000007,45.21000000000007,11828
2026-03-10T13:00:00+00:00,45.21000000000007,46.85000000000007,45.06000000000007,46.00000000000007,7584
2026-03-10T14:00:00+00:00,46.00000000000007,47.10000000000007,45.65000000000007,46.950000000000074,13844
2026-03-10T15:00:00+00:00,46.950000000000074,47.520000000000074,46.660000000000075,47.340000000000074,9080
2026-03-10T16:00:00+00:00,47.340000000000074,47.37000000000007,46.81000000000007,47.04000000000007,8572
2026-03-10T17:00:00+00:00,47.04000000000007,47.270000000000074,46.910000000000075,47.050000000000075,7967
2026-03-10T18:00:00+00:00,47.050000000000075,47.18000000000007,46.40000000000007,46.49000000000007,14804
2026-03-10T19:00:00+00:00,46.49000000000007,46.67000000000007,46.22000000000007,46.43000000000007,10734
2026-03-11T13:00:00+00:00,46.43000000000007,47.73000000000007,46.21000000000007,47.72000000000007,6449
2026-03-11T14:00:00+00:00,47.72000000000007,48.380000000000074,47.55000000000007,47.92000000000007,12601
2026-03-11T15:00:00+00:00,47.92000000000007,48.200000000000074,47.55000000000007,47.72000000000007,9883
2026-03-11T16:00:00+00:00,47.72000000000007,47.81000000000007,47.37000000000007,47.59000000000007,8219
2026-03-11T17:00:00+00:00,47.59000000000007,47.72000000000007,47.16000000000007,47.48000000000007,7000
2026-03-11T18:00:00+00:00,47.48000000000007,47.630000000000074,47.25000000000007,47.28000000000007,5101
2026-03-11T19:00:00+00:00,47.28000000000007,47.61000000000007,46.97000000000007,47.50000000000007,4569
2026-03-12T13:00:00+00:00,47.50000000000007,47.50000000000007,45.630000000000074,45.66000000000007,6940
2026-03-12T14:00:00+00:00,45.66000000000007,46.30000000000007,45.36000000000007,45.51000000000007,15945
2026-03-12T15:00:00+00:00,45.51000000000007,45.64000000000007,45.11000000000007,45.53000000000007,13563
2026-03-12T16:00:00+00:00,45.53000000000007,45.74000000000007,45.08000000000007,45.200000000000074,12818
2026-03-12T17:00:00+00:00,45.200000000000074,45.34000000000007,44.81000000000007,44.92000000000007,7708
2026-03-12T18:00:00+00:00,44.92000000000007,45.17000000000007,44.89000000000007,44.950000000000074,5869
2026-03-12T19:00:00+00:00,44.950000000000074,45.10000000000007,44.71000000000007,44.79000000000007,5661
2026-03-13T13:00:00+00:00,44.79000000000007,46.18000000000007,44.79000000000007,45.630000000000074,7399
2026-03-13T14:00:00+00:00,45.630000000000074,45.90000000000007,45.09000000000007,45.17000000000007,14283
2026-03-13T15:00:00+00:00,45.17000000000007,45.72000000000007,45.09000000000007,45.32000000000007,12699
2026-03-13T16:00:00+00:00,45.32000000000007,45.55000000000007,45.05000000000007,45.09000000000007,10052
2026-03-13T17:00:00+00:00,45.09000000000007,45.27000000000007,44.94000000000007,44.97000000000007,8122
2026-03-13T18:00:00+00:00,44.97000000000007,45.53000000000007,44.93000000000007,45.31000000000007,6200
2026-03-13T19:00:00+00:00,45.31000000000007,45.53000000000007,45.14000000000007,45.32000000000007,5478
2026-03-16T13:00:00+00:00,45.32000000000007,48.68000000000007,45.32000000000007,47.55000000000007,7481
2026-03-16T14:00:00+00:00,47.55000000000007,47.59000000000007,47.05000000000007,47.40000000000007,14569
2026-03-16T15:00:00+00:00,47.40000000000007,48.18000000000007,47.35000000000007,47.76000000000007,10835
2026-03-16T16:00:00+00:00,47.76000000000007,47.82000000000007,47.26000000000007,47.40000000000007,9370
2026-03-16T17:00:00+00:00,47.40000000000007,47.79000000000007,47.32000000000007,47.72000000000007,6490
2026-03-16T18:00:00+00:00,47.72000000000007,47.82000000000007,46.42000000000007,46.72000000000007,10660
2026-03-16T19:00:00+00:00,46.72000000000007,46.75000000000007,45.23000000000007,45.26000000000007,11791
2026-03-17T13:00:00+00:00,45.26000000000007,45.62000000000007,43.99000000000007,44.79000000000007,6782
2026-03-17T14:00:00+00:00,44.79000000000007,44.94000000000007,44.450000000000074,44.65000000000007,11606
2026-03-17T15:00:00+00:00,44.65000000000007,44.71000000000007,43.57000000000007,43.61000000000007,7277
2026-03-17T16:00:00+00:00,43.61000000000007,44.00000000000007,43.450000000000074,43.79000000000007,6846
2026-03-17T17:00:00+00:00,43.79000000000007,43.91000000000007,43.66000000000007,43.76000000000007,3308
2026-03-17T18:00:00+00:00,43.76000000000007,43.99000000000007,43.60000000000007,43.630000000000074,2632
2026-03-17T19:00:00+00:00,43.630000000000074,43.73000000000007,43.49000000000007,43.60000000000007,1717
2026-03-18T13:00:00+00:00,43.60000000000007,44.47000000000007,43.60000000000007,44.200000000000074,6759
2026-03-18T14:00:00+00:00,44.200000000000074,44.24000000000007,43.59000000000007,44.19000000000007,8021
2026-03-18T15:00:00+00:00,44.19000000000007,44.50000000000007,43.91000000000007,44.48000000000007,6439
2026-03-18T16:00:00+00:00,44.48000000000007,44.72000000000007,44.37000000000007,44.51000000000007,5823
2026-03-18T17:00:00+00:00,44.51000000000007,44.72000000000007,44.47000000000007,44.61000000000007,3122
2026-03-18T18:00:00+00:00,44.61000000000007,45.26000000000007,44.59000000000007,44.87000000000007,7542
2026-03-18T19:00:00+00:00,44.87000000000007,45.08000000000007,44.54000000000007,44.57000000000007,7750
2026-03-19T13:00:00+00:00,44.57000000000007,44.79000000000007,43.19000000000007,44.62000000000007,7890
2026-03-19T14:00:00+00:00,44.62000000000007,45.49000000000007,44.54000000000007,45.19000000000007,12737
2026-03-19T15:00:00+00:00,45.19000000000007,45.44000000000007,44.65000000000007,45.01000000000007,11460
2026-03-19T16:00:00+00:00,45.01000000000007,45.26000000000007,44.90000000000007,45.11000000000007,9526
2026-03-19T17:00:00+00:00,45.11000000000007,45.23000000000007,44.75000000000007,45.19000000000007,5620
2026-03-19T18:00:00+00:00,45.19000000000007,45.54000000000007,45.08000000000007,45.43000000000007,5487
2026-03-19T19:00:00+00:00,45.43000000000007,45.99000000000007,45.39000000000007,45.75000000000007,13913
2026-03-20T13:00:00+00:00,45.75000000000007,47.07000000000007,45.22000000000007,45.22000000000007,7761
2026-03-20T14:00:00+00:00,45.22000000000007,45.41000000000007,44.35000000000007,44.73000000000007,16679
2026-03-20T15:00:00+00:00,44.73000000000007,45.19000000000007,44.50000000000007,44.99000000000007,11582
2026-03-20T16:00:00+00:00,44.99000000000007,45.16000000000007,44.09000000000007,44.23000000000007,8149
2026-03-20T17:00:00+00:00,44.23000000000007,44.380000000000074,43.76000000000007,43.93000000000007,7595
2026-03-20T18:00:00+00:00,43.93000000000007,44.01000000000007,43.28000000000007,43.37000000000007,7598
2026-03-20T19:00:00+00:00,43.37000000000007,43.71000000000007,43.18000000000007,43.43000000000007,9510
2026-03-23T13:00:00+00:00,43.43000000000007,44.74000000000007,43.43000000000007,44.59000000000007,7516
2026-03-23T14:00:00+00:00,44.59000000000007,45.01000000000007,44.04000000000007,44.50000000000007,12857
2026-03-23T15:00:00+00:00,44.50000000000007,44.80000000000007,43.32000000000007,43.42000000000007,11553
2026-03-23T16:00:00+00:00,43.42000000000007,43.85000000000007,43.28000000000007,43.57000000000007,13263
2026-03-23T17:00:00+00:00,43.57000000000007,43.80000000000007,43.32000000000007,43.76000000000007,8999
2026-03-23T18:00:00+00:00,43.76000000000007,43.99000000000007,43.55000000000007,43.98000000000007,7346
2026-03-23T19:00:00+00:00,43.98000000000007,43.99000000000007,43.54000000000007,43.54000000000007,4310
2026-03-24T13:00:00+00:00,43.54000000000007,43.54000000000007,42.72000000000007,43.200000000000074,5780
2026-03-24T14:00:00+00:00,43.200000000000074,43.67000000000007,42.87000000000007,43.22000000000007,14583
2026-03-24T15:00:00+00:00,43.22000000000007,43.73000000000007,43.10000000000007,43.40000000000007,10015
2026-03-24T16:00:00+00:00,43.40000000000007,43.55000000000007,42.86000000000007,43.08000000000007,8452
2026-03-24T17:00:00+00:00,43.08000000000007,43.26000000000007,42.78000000000007,43.130000000000074,9617
2026-03-24T18:00:00+00:00,43.130000000000074,43.73000000000007,43.05000000000007,43.54000000000007,6947
2026-03-24T19:00:00+00:00,43.54000000000007,43.86000000000007,43.51000000000007,43.64000000000007,4389
2026-03-25T13:00:00+00:00,43.64000000000007,46.130000000000074,43.64000000000007,45.26000000000007,6214
2026-03-25T14:00:00+00:00,45.26000000000007,47.12000000000007,45.02000000000007,47.01000000000007,14005
2026-03-25T15:00:00+00:00,47.01000000000007,47.27000000000007,46.50000000000007,46.82000000000007,12678
2026-03-25T16:00:00+00:00,46.82000000000007,47.39000000000007,46.68000000000007,47.16000000000007,8428
2026-03-25T17:00:00+00:00,47.16000000000007,47.30000000000007,46.84000000000007,46.93000000000007,7478
2026-03-25T18:00:00+00:00,46.93000000000007,47.08000000000007,46.57000000000007,46.61000000000007,4776
2026-03-25T19:00:00+00:00,46.61000000000007,46.80000000000007,46.48000000000007,46.73000000000007,5765
2026-03-26T13:00:00+00:00,46.73000000000007,46.73000000000007,44.76000000000007,44.93000000000007,6192
2026-03-26T14:00:00+00:00,44.93000000000007,45.59000000000007,44.30000000000007,44.36000000000007,12835
2026-03-26T15:00:00+00:00,44.36000000000007,44.74000000000007,44.27000000000007,44.52000000000007,8264
2026-03-26T16:00:00+00:00,44.52000000000007,44.74000000000007,43.99000000000007,44.24000000000007,7056
2026-03-26T17:00:00+00:00,44.24000000000007,44.29000000000007,43.74000000000007,43.78000000000007,5673
2026-03-26T18:00:00+00:00,43.78000000000007,43.96000000000007,43.60000000000007,43.69000000000007,5062
2026-03-26T19:00:00+00:00,43.69000000000007,43.85000000000007,43.46000000000007,43.65000000000007,5472
2026-03-27T13:00:00+00:00,43.65000000000007,43.67000000000007,42.68000000000007,43.06000000000007,6194
2026-03-27T14:00:00+00:00,43.06000000000007,43.30000000000007,42.40000000000007,42.91000000000007,14042
2026-03-27T15:00:00+00:00,42.91000000000007,43.46000000000007,42.73000000000007,43.34000000000007,12375
2026-03-27T16:00:00+00:00,43.34000000000007,43.450000000000074,42.92000000000007,42.98000000000007,6697
2026-03-27T17:00:00+00:00,42.98000000000007,43.08000000000007,42.55000000000007,42.65000000000007,4770.149914821124
2026-03-27T18:00:00+00:00,42.65000000000007,42.72000000000007,42.48000000000007,42.67000000000007,3055
2026-03-27T19:00:00+00:00,42.67000000000007,42.76000000000007,42.48000000000007,42.68000000000007,3719
2026-03-30T13:00:00+00:00,42.68000000000007,43.53000000000007,41.75000000000007,41.90000000000007,6667
2026-03-30T14:00:00+00:00,41.90000000000007,42.39000000000007,40.99000000000007,41.62000000000007,13342
2026-03-30T15:00:00+00:00,41.62000000000007,41.72000000000007,40.880000000000074,41.24000000000007,10020
2026-03-30T16:00:00+00:00,41.24000000000007,41.25000000000007,40.60000000000007,40.700000000000074,6807
2026-03-30T17:00:00+00:00,40.700000000000074,41.02000000000007,40.55000000000007,40.90000000000007,7321
2026-03-30T18:00:00+00:00,40.90000000000007,40.93000000000007,40.42000000000007,40.47000000000007,5998
2026-03-30T19:00:00+00:00,40.47000000000007,40.880000000000074,40.17000000000007,40.73000000000007,7751
2026-03-31T13:00:00+00:00,40.73000000000007,42.07000000000007,40.73000000000007,42.02000000000007,5764
2026-03-31T14:00:00+00:00,42.02000000000007,42.23000000000007,41.61000000000007,41.89000000000007,14838
2026-03-31T15:00:00+00:00,41.89000000000007,42.36000000000007,41.880000000000074,42.06000000000007,13213
2026-03-31T16:00:00+00:00,42.06000000000007,43.27000000000007,42.04000000000007,42.950000000000074,17031
2026-03-31T17:00:00+00:00,42.950000000000074,43.30000000000007,42.89000000000007,42.99000000000007,17735
2026-03-31T18:00:00+00:00,42.99000000000007,43.64000000000007,42.96000000000007,43.49000000000007,7390
2026-03-31T19:00:00+00:00,43.49000000000007,43.78000000000007,43.34000000000007,43.69000000000007,6050
2026-04-01T13:00:00+00:00,43.69000000000007,46.76000000000007,43.69000000000007,46.31000000000007,8757
2026-04-01T14:00:00+00:00,46.31000000000007,48.15000000000007,46.25000000000007,47.73000000000007,13914
2026-04-01T15:00:00+00:00,47.73000000000007,48.31000000000007,47.69000000000007,48.06000000000007,9018
2026-04-01T16:00:00+00:00,48.06000000000007,48.19000000000007,47.60000000000007,47.87000000000007,6422
2026-04-01T17:00:00+00:00,47.87000000000007,48.05000000000007,47.67000000000007,47.78000000000007,6317
2026-04-01T18:00:00+00:00,47.78000000000007,47.85000000000007,47.32000000000007,47.41000000000007,10402
2026-04-01T19:00:00+00:00,47.41000000000007,47.77000000000007,47.25000000000007,47.59000000000007,7846
2026-04-02T13:00:00+00:00,47.59000000000007,48.39000000000007,45.55000000000007,48.380000000000074,8367
2026-04-02T14:00:00+00:00,48.380000000000074,49.99000000000007,48.12000000000007,49.28000000000007,23072.519681490383
2026-04-02T15:00:00+00:00,49.28000000000007,49.60000000000007,48.85000000000007,48.950000000000074,17320
2026-04-02T16:00:00+00:00,48.950000000000074,49.29000000000007,48.66000000000007,49.12000000000007,12731
2026-04-02T17:00:00+00:00,49.12000000000007,49.29000000000007,48.880000000000074,49.25000000000007,8413
2026-04-02T18:00:00+00:00,49.25000000000007,49.52000000000007,49.19000000000007,49.30000000000007,6642
2026-04-02T19:00:00+00:00,49.30000000000007,50.03000000000007,49.30000000000007,49.91000000000007,5505
2026-04-06T13:00:00+00:00,49.91000000000007,51.94000000000007,49.91000000000007,51.16000000000007,8802
2026-04-06T14:00:00+00:00,51.16000000000007,51.34000000000007,50.03000000000007,50.06000000000007,15878
2026-04-06T15:00:00+00:00,50.06000000000007,50.33000000000007,49.82000000000007,50.18000000000007,10095
2026-04-06T16:00:00+00:00,50.18000000000007,50.27000000000007,49.52000000000007,49.62000000000007,6507
2026-04-06T17:00:00+00:00,49.62000000000007,50.23000000000007,49.41000000000007,49.950000000000074,8679
2026-04-06T18:00:00+00:00,49.950000000000074,50.32000000000007,49.94000000000007,50.29000000000007,6683
2026-04-06T19:00:00+00:00,50.29000000000007,50.53000000000007,50.17000000000007,50.29000000000007,5085
2026-04-07T13:00:00+00:00,50.29000000000007,52.81000000000007,50.29000000000007,51.19000000000007,9488
2026-04-07T14:00:00+00:00,51.19000000000007,51.79000000000007,50.75000000000007,51.47000000000007,14703
2026-04-07T15:00:00+00:00,51.47000000000007,52.07000000000007,51.08000000000007,51.22000000000007,12255
2026-04-07T16:00:00+00:00,51.22000000000007,52.57000000000007,51.17000000000007,52.25000000000007,12181
2026-04-07T17:00:00+00:00,52.25000000000007,52.39000000000007,51.72000000000007,51.85000000000007,9942
2026-04-07T18:00:00+00:00,51.85000000000007,51.91000000000007,51.25000000000007,51.39000000000007,6441
2026-04-07T19:00:00+00:00,51.39000000000007,52.55000000000007,51.33000000000007,52.42000000000007,12835
2026-04-08T13:00:00+00:00,52.42000000000007,57.04000000000007,52.42000000000007,56.950000000000074,9873
2026-04-08T14:00:00+00:00,56.950000000000074,57.26000000000007,55.71000000000007,55.98000000000007,18202.01075920594
2026-04-08T15:00:00+00:00,55.98000000000007,57.23000000000007,55.97000000000007,57.08000000000007,12121
2026-04-08T16:00:00+00:00,57.08000000000007,58.14000000000007,57.06000000000007,58.12000000000007,7542
2026-04-08T17:00:00+00:00,58.12000000000007,58.410000000000075,57.76000000000007,58.36000000000007,7245
2026-04-08T18:00:00+00:00,58.36000000000007,58.68000000000007,57.42000000000007,57.49000000000007,9982
2026-04-08T19:00:00+00:00,57.49000000000007,58.56000000000007,57.40000000000007,58.44000000000007,9460
2026-04-09T13:00:00+00:00,58.44000000000007,59.98000000000007,57.85000000000007,59.80000000000007,9226
2026-04-09T14:00:00+00:00,59.80000000000007,60.58000000000007,59.51000000000007,60.40000000000007,11480
2026-04-09T15:00:00+00:00,60.40000000000007,60.55000000000007,59.61000000000007,59.82000000000007,12274
2026-04-09T16:00:00+00:00,59.82000000000007,60.17000000000007,59.36000000000007,60.020000000000074,9256
2026-04-09T17:00:00+00:00,60.020000000000074,60.410000000000075,59.83000000000007,60.36000000000007,6982
2026-04-09T18:00:00+00:00,60.36000000000007,60.50000000000007,59.83000000000007,60.26000000000007,9018
2026-04-09T19:00:00+00:00,60.26000000000007,61.57000000000007,60.25000000000007,61.17000000000007,6473
2026-04-10T13:00:00+00:00,61.17000000000007,62.89000000000007,60.25000000000007,62.340000000000074,8096
2026-04-10T14:00:00+00:00,62.340000000000074,62.62000000000007,61.82000000000007,62.47000000000007,13991.285714285714
2026-04-10T15:00:00+00:00,62.47000000000007,62.78000000000007,61.940000000000076,62.06000000000007,10770
2026-04-10T16:00:00+00:00,62.06000000000007,62.090000000000074,61.56000000000007,61.85000000000007,10310
2026-04-10T17:00:00+00:00,61.85000000000007,62.33000000000008,61.58000000000008,62.29000000000007,7660
2026-04-10T18:00:00+00:00,62.29000000000007,62.49000000000007,62.200000000000074,62.25000000000007,4933
2026-04-10T19:00:00+00:00,62.25000000000007,62.74000000000007,61.81000000000007,61.85000000000007,4332
2026-04-13T13:00:00+00:00,61.85000000000007,64.28000000000007,61.60000000000007,63.25000000000007,8285
2026-04-13T14:00:00+00:00,63.25000000000007,64.16000000000007,62.89000000000007,63.71000000000008,9710
2026-04-13T15:00:00+00:00,63.71000000000008,64.41000000000007,63.480000000000075,64.05000000000007,8881
2026-04-13T16:00:00+00:00,64.05000000000007,65.11000000000007,63.88000000000007,65.10000000000008,9285
2026-04-13T17:00:00+00:00,65.10000000000008,65.15000000000008,64.43000000000008,64.43000000000008,5445
2026-04-13T18:00:00+00:00,64.43000000000008,64.69000000000007,63.91000000000007,64.59000000000007,5002
2026-04-13T19:00:00+00:00,64.59000000000007,64.95000000000007,64.50000000000007,64.66000000000007,5877
2026-04-14T13:00:00+00:00,64.66000000000007,64.67000000000007,62.120000000000076,63.370000000000076,9291
2026-04-14T14:00:00+00:00,63.370000000000076,63.43000000000007,62.39000000000007,62.61000000000007,13152
2026-04-14T15:00:00+00:00,62.61000000000007,62.620000000000076,61.71000000000007,62.04000000000007,10882
2026-04-14T16:00:00+00:00,62.04000000000007,62.32000000000007,61.57000000000007,61.690000000000076,6302
2026-04-14T17:00:00+00:00,61.690000000000076,62.510000000000076,61.67000000000007,62.28000000000007,6976
2026-04-14T18:00:00+00:00,62.28000000000007,62.81000000000007,62.17000000000007,62.690000000000076,5745
2026-04-14T19:00:00+00:00,62.690000000000076,63.32000000000007,62.64000000000007,63.300000000000075,6388
2026-04-15T13:00:00+00:00,63.300000000000075,64.48000000000008,62.36000000000007,63.94000000000007,8178
2026-04-15T14:00:00+00:00,63.94000000000007,65.33000000000007,63.440000000000076,64.82000000000008,11395.503144654089
2026-04-15T15:00:00+00:00,64.82000000000008,65.04000000000008,64.48000000000009,64.82000000000008,9060
2026-04-15T16:00:00+00:00,64.82000000000008,64.96000000000008,63.21000000000008,63.56000000000009,9626
2026-04-15T17:00:00+00:00,63.56000000000009,63.92000000000009,63.45000000000008,63.80000000000008,7683
2026-04-15T18:00:00+00:00,63.80000000000008,64.04000000000008,63.70000000000009,64.00000000000009,5641
2026-04-15T19:00:00+00:00,64.00000000000009,64.45000000000009,63.93000000000008,64.43000000000008,6336
2026-04-16T13:00:00+00:00,64.43000000000008,66.41000000000008,63.750000000000085,65.37000000000008,9657
2026-04-16T14:00:00+00:00,65.37000000000008,66.75000000000009,65.14000000000009,66.58000000000008,14963
2026-04-16T15:00:00+00:00,66.58000000000008,67.52000000000008,66.47000000000008,67.41000000000008,12326
2026-04-16T16:00:00+00:00,67.41000000000008,67.71000000000008,66.90000000000008,67.15000000000008,10158
2026-04-16T17:00:00+00:00,67.15000000000008,67.40000000000008,66.86000000000008,67.20000000000009,8321
2026-04-16T18:00:00+00:00,67.20000000000009,67.49000000000008,66.54000000000008,67.36000000000008,10156
2026-04-16T19:00:00+00:00,67.36000000000008,68.09000000000009,67.34000000000009,68.04000000000008,6595
2026-04-17T13:00:00+00:00,68.04000000000008,69.03000000000009,67.85000000000008,68.91000000000008,9455
2026-04-17T14:00:00+00:00,68.91000000000008,69.60000000000008,68.78000000000009,69.18000000000008,14034.254253611558
2026-04-17T15:00:00+00:00,69.18000000000008,69.82000000000008,68.51000000000008,68.55000000000007,12889
2026-04-17T16:00:00+00:00,68.55000000000007,69.41000000000007,68.24000000000008,68.50000000000007,9943
2026-04-17T17:00:00+00:00,68.50000000000007,68.52000000000007,67.85000000000008,68.15000000000008,11410
2026-04-17T18:00:00+00:00,68.15000000000008,68.20000000000007,67.26000000000008,67.44000000000007,10046
2026-04-17T19:00:00+00:00,67.44000000000007,68.21000000000008,67.22000000000007,67.99000000000008,8687
2026-04-20T13:00:00+00:00,67.99000000000008,68.68000000000008,65.38000000000007,65.80000000000007,9509
2026-04-20T14:00:00+00:00,65.80000000000007,66.15000000000008,65.09000000000007,65.30000000000007,11724
2026-04-20T15:00:00+00:00,65.30000000000007,65.67000000000007,65.07000000000008,65.38000000000007,11935
2026-04-20T16:00:00+00:00,65.38000000000007,65.49000000000008,64.99000000000008,65.21000000000008,7385
2026-04-20T17:00:00+00:00,65.21000000000008,65.27000000000007,64.59000000000007,65.09000000000007,7079
2026-04-20T18:00:00+00:00,65.09000000000007,65.33000000000007,64.72000000000007,65.29000000000008,6553
2026-04-20T19:00:00+00:00,65.29000000000008,65.35000000000008,64.84000000000007,65.21000000000008,6160
2026-04-21T13:00:00+00:00,65.21000000000008,67.13000000000007,65.21000000000008,66.35000000000008,3266
2026-04-21T14:00:00+00:00,66.35000000000008,67.05000000000007,65.74000000000008,65.77000000000007,5675
2026-04-21T15:00:00+00:00,65.77000000000007,66.76000000000008,65.59000000000007,66.05000000000007,7117
2026-04-21T16:00:00+00:00,66.05000000000007,66.33000000000007,65.40000000000008,65.53000000000007,5486
2026-04-21T17:00:00+00:00,65.53000000000007,65.87000000000008,65.16000000000007,65.80000000000007,7028
2026-04-21T18:00:00+00:00,65.80000000000007,65.88000000000007,65.44000000000007,65.68000000000008,5095
2026-04-21T19:00:00+00:00,65.68000000000008,66.15000000000008,65.13000000000007,65.82000000000008,6345
2026-04-22T13:00:00+00:00,65.82000000000008,68.25000000000007,65.54000000000008,65.78000000000007,8639
2026-04-22T14:00:00+00:00,65.78000000000007,66.09000000000007,64.89000000000007,65.62000000000006,9893.07240644965
2026-04-22T15:00:00+00:00,65.62000000000006,65.84000000000006,65.28000000000006,65.37000000000006,6951
2026-04-22T16:00:00+00:00,65.37000000000006,65.54000000000005,64.67000000000006,64.82000000000005,6431
2026-04-22T17:00:00+00:00,64.82000000000005,65.33000000000006,64.81000000000006,65.06000000000006,4804
2026-04-22T18:00:00+00:00,65.06000000000006,65.21000000000005,64.76000000000006,64.81000000000006,4078
2026-04-22T19:00:00+00:00,64.81000000000006,65.10000000000005,64.49000000000005,64.75000000000006,7051
2026-04-23T13:00:00+00:00,64.75000000000006,67.79000000000005,64.75000000000006,66.38000000000005,8536
2026-04-23T14:00:00+00:00,66.38000000000005,66.87000000000006,65.94000000000005,66.53000000000006,12748
2026-04-23T15:00:00+00:00,66.53000000000006,67.37000000000006,66.51000000000006,67.26000000000006,11423
2026-04-23T16:00:00+00:00,67.26000000000006,67.79000000000005,66.87000000000006,67.49000000000005,10087
2026-04-23T17:00:00+00:00,67.49000000000005,67.57000000000005,66.21000000000005,67.08000000000006,22789
2026-04-23T18:00:00+00:00,67.08000000000006,67.45000000000006,66.27000000000005,66.41000000000005,14244
2026-04-23T19:00:00+00:00,66.41000000000005,66.49000000000005,65.47000000000006,66.27000000000005,12416
2026-04-24T13:00:00+00:00,66.27000000000005,84.70000000000006,66.27000000000005,81.13000000000005,18077
2026-04-24T14:00:00+00:00,81.13000000000005,82.97000000000006,80.73000000000006,82.17000000000006,21581.662406681007
2026-04-24T15:00:00+00:00,82.17000000000006,82.77000000000005,81.22000000000006,81.34000000000006,18024
2026-04-24T16:00:00+00:00,81.34000000000006,81.65000000000006,79.68000000000006,79.85000000000007,13830
2026-04-24T17:00:00+00:00,79.85000000000007,81.34000000000006,79.11000000000006,81.29000000000006,14296
2026-04-24T18:00:00+00:00,81.29000000000006,81.48000000000006,80.09000000000006,80.27000000000005,11748
2026-04-24T19:00:00+00:00,80.27000000000005,82.10000000000007,79.90000000000006,82.08000000000006,14141
2026-04-27T13:00:00+00:00,82.08000000000006,86.32000000000006,82.08000000000006,86.12000000000006,17345
2026-04-27T14:00:00+00:00,86.12000000000006,86.56000000000006,83.16000000000005,83.78000000000006,23412
2026-04-27T15:00:00+00:00,83.78000000000006,84.04000000000006,82.52000000000005,82.69000000000005,15849
2026-04-27T16:00:00+00:00,82.69000000000005,83.82000000000006,82.41000000000005,83.23000000000006,13634
2026-04-27T17:00:00+00:00,83.23000000000006,83.47000000000006,82.10000000000007,82.82000000000006,11197
2026-04-27T18:00:00+00:00,82.82000000000006,83.33000000000006,82.59000000000006,82.75000000000006,9800
2026-04-27T19:00:00+00:00,82.75000000000006,84.50000000000006,82.60000000000007,84.49000000000007,14815
2026-04-28T13:00:00+00:00,84.49000000000007,84.49000000000007,80.27000000000005,82.50000000000006,12288
2026-04-28T14:00:00+00:00,82.50000000000006,83.40000000000006,80.42000000000006,81.42000000000006,21817
2026-04-28T15:00:00+00:00,81.42000000000006,81.69000000000005,80.77000000000005,81.28000000000006,17142
2026-04-28T16:00:00+00:00,81.28000000000006,82.13000000000005,81.02000000000005,81.91000000000005,12824
2026-04-28T17:00:00+00:00,81.91000000000005,83.33000000000006,81.81000000000006,83.13000000000005,12450
2026-04-28T18:00:00+00:00,83.13000000000005,84.08000000000006,82.86000000000006,83.60000000000007,11852
2026-04-28T19:00:00+00:00,83.60000000000007,84.08000000000006,82.92000000000006,83.92000000000006,13263
2026-04-29T13:00:00+00:00,83.92000000000006,88.12000000000006,83.92000000000006,87.65000000000006,12335
2026-04-29T14:00:00+00:00,87.65000000000006,92.80000000000007,87.02000000000005,92.78000000000006,22282.24196151459
2026-04-29T15:00:00+00:00,92.78000000000006,93.58000000000006,91.49000000000007,92.45000000000006,21438
2026-04-29T16:00:00+00:00,92.45000000000006,93.20000000000006,91.36000000000006,92.72000000000006,16693
2026-04-29T17:00:00+00:00,92.72000000000006,93.19000000000005,92.30000000000005,92.99000000000007,12744
2026-04-29T18:00:00+00:00,92.99000000000007,93.87000000000006,92.42000000000006,93.28000000000006,16383
2026-04-29T19:00:00+00:00,93.28000000000006,94.45000000000006,92.79000000000006,94.27000000000005,18162
2026-04-30T13:00:00+00:00,94.27000000000005,95.02000000000005,91.22000000000006,91.91000000000005,14340
2026-04-30T14:00:00+00:00,91.91000000000005,93.08000000000006,90.99000000000007,92.10000000000007,18635
2026-04-30T15:00:00+00:00,92.10000000000007,94.39000000000006,92.04000000000006,92.78000000000006,14900
2026-04-30T16:00:00+00:00,92.78000000000006,93.34000000000006,92.61000000000006,93.07000000000006,12434
2026-04-30T17:00:00+00:00,93.07000000000006,94.58000000000006,93.04000000000006,94.42000000000006,10976
2026-04-30T18:00:00+00:00,94.42000000000006,94.65000000000006,92.12000000000006,92.16000000000005,11478
2026-04-30T19:00:00+00:00,92.16000000000005,94.12000000000006,91.69000000000005,94.01000000000006,14892
2026-05-01T13:00:00+00:00,94.01000000000006,97.81000000000006,92.09000000000006,97.80000000000005,11856
2026-05-01T14:00:00+00:00,97.80000000000005,99.87000000000006,97.31000000000006,98.76000000000006,20273.576599026936
2026-05-01T15:00:00+00:00,98.76000000000006,99.98000000000006,98.28000000000006,99.09000000000006,13491
2026-05-01T16:00:00+00:00,99.09000000000006,99.31000000000006,98.29000000000006,98.30000000000007,9595
2026-05-01T17:00:00+00:00,98.30000000000007,98.79000000000006,97.65000000000006,98.59000000000006,8271
2026-05-01T18:00:00+00:00,98.59000000000006,98.81000000000006,97.88000000000007,98.39000000000006,8308
2026-05-01T19:00:00+00:00,98.39000000000006,99.67000000000006,98.33000000000006,99.24000000000007,9430
2026-05-04T13:00:00+00:00,99.24000000000007,99.37000000000006,95.93000000000006,98.63000000000007,11526
2026-05-04T14:00:00+00:00,98.63000000000007,99.11000000000006,97.45000000000006,98.68000000000006,16602
2026-05-04T15:00:00+00:00,98.68000000000006,98.71000000000006,96.92000000000006,97.43000000000006,17918
2026-05-04T16:00:00+00:00,97.43000000000006,97.43000000000006,95.80000000000007,96.27000000000007,16592
2026-05-04T17:00:00+00:00,96.27000000000007,97.20000000000006,96.09000000000006,96.53000000000006,11158
2026-05-04T18:00:00+00:00,96.53000000000006,96.82000000000006,95.75000000000006,96.36000000000006,10424
2026-05-04T19:00:00+00:00,96.36000000000006,96.57000000000006,95.15000000000006,95.30000000000007,10574
2026-05-05T13:00:00+00:00,95.30000000000007,106.81000000000006,95.30000000000007,104.81000000000006,16113
2026-05-05T14:00:00+00:00,104.81000000000006,110.01000000000006,104.09000000000006,107.76000000000006,23934
2026-05-05T15:00:00+00:00,107.76000000000006,109.14000000000006,107.32000000000006,108.17000000000006,14508
2026-05-05T16:00:00+00:00,108.17000000000006,109.27000000000007,107.00000000000006,108.06000000000006,12268
2026-05-05T17:00:00+00:00,108.06000000000006,109.01000000000006,107.95000000000006,108.66000000000007,9017
2026-05-05T18:00:00+00:00,108.66000000000007,108.99000000000007,107.88000000000007,108.30000000000007,8647
2026-05-05T19:00:00+00:00,108.30000000000007,108.39000000000006,107.08000000000006,107.70000000000006,10814
2026-05-06T13:00:00+00:00,107.70000000000006,113.04000000000006,107.70000000000006,110.45000000000006,15779
2026-05-06T14:00:00+00:00,110.45000000000006,110.78000000000006,106.12000000000006,109.62000000000006,24677.629139072847
2026-05-06T15:00:00+00:00,109.62000000000006,111.49000000000007,109.33000000000007,110.33000000000007,16262
2026-05-06T16:00:00+00:00,110.33000000000007,111.62000000000006,110.13000000000007,110.41000000000007,12946
2026-05-06T17:00:00+00:00,110.41000000000007,111.10000000000007,110.08000000000007,110.45000000000006,9112
2026-05-06T18:00:00+00:00,110.45000000000006,112.10000000000007,110.11000000000007,111.76000000000006,10131
2026-05-06T19:00:00+00:00,111.76000000000006,112.63000000000007,111.26000000000006,112.45000000000006,12248
2026-05-07T13:00:00+00:00,112.45000000000006,113.43000000000006,108.83000000000007,111.59000000000006,11829
2026-05-07T14:00:00+00:00,111.59000000000006,114.05000000000007,111.53000000000007,112.56000000000006,19742
2026-05-07T15:00:00+00:00,112.56000000000006,112.68000000000006,110.29000000000006,110.52000000000007,16535
2026-05-07T16:00:00+00:00,110.52000000000007,111.30000000000007,109.74000000000007,110.38000000000007,18179
2026-05-07T17:00:00+00:00,110.38000000000007,110.86000000000007,109.03000000000007,110.51000000000006,18218
2026-05-07T18:00:00+00:00,110.51000000000006,110.64000000000007,108.70000000000006,109.09000000000006,15568
2026-05-07T19:00:00+00:00,109.09000000000006,110.38000000000007,108.67000000000006,109.13000000000007,14581
2026-05-08T13:00:00+00:00,109.13000000000007,114.92000000000006,109.13000000000007,114.43000000000006,11566
2026-05-08T14:00:00+00:00,114.43000000000006,117.24000000000007,114.42000000000006,116.30000000000007,19217.081614248676
2026-05-08T15:00:00+00:00,116.30000000000007,118.29000000000008,115.67000000000007,117.74000000000007,16467
2026-05-08T16:00:00+00:00,117.74000000000007,126.04000000000008,116.42000000000007,125.94000000000007,18016
2026-05-08T17:00:00+00:00,125.94000000000007,130.09000000000006,124.05000000000007,124.95000000000007,25812
2026-05-08T18:00:00+00:00,124.95000000000007,125.68000000000006,122.77000000000007,123.35000000000007,16671
2026-05-08T19:00:00+00:00,123.35000000000007,125.23000000000008,123.30000000000007,124.46000000000006,17466
2026-05-11T13:00:00+00:00,124.46000000000006,132.23000000000008,124.46000000000006,125.96000000000006,12110
2026-05-11T14:00:00+00:00,125.96000000000006,128.67000000000007,123.47000000000007,125.58000000000007,19897
2026-05-11T15:00:00+00:00,125.58000000000007,127.82000000000008,125.52000000000007,126.61000000000007,15421
2026-05-11T16:00:00+00:00,126.61000000000007,128.21000000000006,125.42000000000007,125.66000000000007,14389
2026-05-11T17:00:00+00:00,125.66000000000007,127.17000000000007,124.91000000000007,126.35000000000007,10614
2026-05-11T18:00:00+00:00,126.35000000000007,128.61000000000007,126.16000000000007,127.03000000000007,9874
2026-05-11T19:00:00+00:00,127.03000000000007,129.52000000000007,125.88000000000007,129.00000000000006,12824
2026-05-12T13:00:00+00:00,129.00000000000006,129.00000000000006,122.46000000000006,123.00000000000007,10125
2026-05-12T14:00:00+00:00,123.00000000000007,124.16000000000007,118.04000000000008,118.31000000000007,20857
2026-05-12T15:00:00+00:00,118.31000000000007,118.56000000000007,115.54000000000008,116.18000000000006,18121
2026-05-12T16:00:00+00:00,116.18000000000006,117.96000000000006,114.54000000000008,114.77000000000007,12392
2026-05-12T17:00:00+00:00,114.77000000000007,117.27000000000007,114.77000000000007,116.77000000000007,10454
2026-05-12T18:00:00+00:00,116.77000000000007,118.53000000000007,116.47000000000007,116.72000000000007,9458
2026-05-12T19:00:00+00:00,116.72000000000007,120.29000000000008,116.67000000000007,120.18000000000006,10575
2026-05-13T13:00:00+00:00,120.18000000000006,124.48000000000008,116.80000000000007,117.98000000000008,10342
2026-05-13T14:00:00+00:00,117.98000000000008,121.22000000000007,115.96000000000006,121.22000000000007,16676.090238764045
2026-05-13T15:00:00+00:00,121.22000000000007,122.33000000000007,119.12000000000008,119.22000000000007,10873
2026-05-13T16:00:00+00:00,119.22000000000007,121.17000000000007,119.11000000000007,120.76000000000008,7960
2026-05-13T17:00:00+00:00,120.76000000000008,122.09000000000007,120.76000000000008,120.98000000000008,6170
2026-05-13T18:00:00+00:00,120.98000000000008,121.94000000000007,120.08000000000007,120.13000000000007,7115
2026-05-13T19:00:00+00:00,120.13000000000007,120.87000000000008,119.34000000000007,119.72000000000007,8417
2026-05-14T13:00:00+00:00,119.72000000000007,119.72000000000007,112.70000000000007,115.31000000000007,9856
2026-05-14T14:00:00+00:00,115.31000000000007,116.96000000000006,114.05000000000007,115.90000000000008,15147
2026-05-14T15:00:00+00:00,115.90000000000008,116.91000000000007,114.90000000000008,114.90000000000008,11459
2026-05-14T16:00:00+00:00,114.90000000000008,117.25000000000007,114.82000000000006,116.30000000000007,9680
2026-05-14T17:00:00+00:00,116.30000000000007,116.75000000000007,114.20000000000007,115.62000000000008,11947
2026-05-14T18:00:00+00:00,115.62000000000008,117.32000000000006,114.31000000000007,116.12000000000008,9455
2026-05-14T19:00:00+00:00,116.12000000000008,116.30000000000007,115.06000000000007,115.43000000000006,10033
2026-05-15T13:00:00+00:00,115.43000000000006,115.43000000000006,106.42000000000007,106.51000000000008,14476
2026-05-15T14:00:00+00:00,106.51000000000008,110.11000000000007,106.30000000000007,107.19000000000007,21460.07861598211
2026-05-15T15:00:00+00:00,107.19000000000007,108.98000000000008,107.12000000000008,108.19000000000007,16019
2026-05-15T16:00:00+00:00,108.19000000000007,108.71000000000008,107.20000000000007,107.39000000000007,12163
2026-05-15T17:00:00+00:00,107.39000000000007,109.44000000000007,107.19000000000007,109.26000000000008,10116
2026-05-15T18:00:00+00:00,109.26000000000008,109.95000000000007,108.56000000000007,109.26000000000008,11248
2026-05-15T19:00:00+00:00,109.26000000000008,109.33000000000007,107.90000000000008,108.15000000000008,12983
2026-05-18T13:00:00+00:00,108.15000000000008,114.99000000000008,107.76000000000008,109.09000000000007,13392
2026-05-18T14:00:00+00:00,109.09000000000007,109.36000000000007,105.70000000000007,107.21000000000008,22523
2026-05-18T15:00:00+00:00,107.21000000000008,108.35000000000008,106.06000000000007,106.40000000000008,17973
2026-05-18T16:00:00+00:00,106.40000000000008,106.48000000000008,103.34000000000007,106.00000000000007,17929
2026-05-18T17:00:00+00:00,106.00000000000007,106.68000000000008,105.52000000000007,106.20000000000007,14041
2026-05-18T18:00:00+00:00,106.20000000000007,106.47000000000007,105.00000000000007,106.09000000000007,16130
2026-05-18T19:00:00+00:00,106.09000000000007,107.99000000000008,105.79000000000008,107.55000000000007,19782
2026-05-19T13:00:00+00:00,107.55000000000007,108.90000000000008,105.05000000000007,106.42000000000007,11062
2026-05-19T14:00:00+00:00,106.42000000000007,106.72000000000007,101.89000000000007,104.24000000000008,21291
2026-05-19T15:00:00+00:00,104.24000000000008,106.70000000000007,103.52000000000007,106.47000000000007,18017
2026-05-19T16:00:00+00:00,106.47000000000007,110.29000000000008,106.45000000000007,109.61000000000007,17067
2026-05-19T17:00:00+00:00,109.61000000000007,111.77000000000007,109.39000000000007,111.23000000000008,16476
2026-05-19T18:00:00+00:00,111.23000000000008,112.12000000000008,110.10000000000008,110.54000000000008,14882
2026-05-19T19:00:00+00:00,110.54000000000008,112.54000000000008,109.36000000000007,110.38000000000007,18513
2026-05-20T13:00:00+00:00,110.38000000000007,119.58000000000007,110.38000000000007,118.14000000000007,14131
2026-05-20T14:00:00+00:00,118.14000000000007,121.41000000000007,116.19000000000008,116.23000000000008,24067.49899375066
2026-05-20T15:00:00+00:00,116.23000000000008,118.04000000000006,115.96000000000006,117.45000000000007,17763
2026-05-20T16:00:00+00:00,117.45000000000007,117.52000000000007,114.31000000000007,115.77000000000007,16616
2026-05-20T17:00:00+00:00,115.77000000000007,117.49000000000007,115.49000000000007,117.36000000000007,13924
2026-05-20T18:00:00+00:00,117.36000000000007,118.00000000000007,117.10000000000007,117.40000000000006,13150
2026-05-20T19:00:00+00:00,117.40000000000006,118.61000000000007,117.39000000000007,118.55000000000007,13499
2026-05-21T13:00:00+00:00,118.55000000000007,118.55000000000007,113.16000000000007,116.46000000000006,10191
2026-05-21T14:00:00+00:00,116.46000000000006,116.98000000000008,112.67000000000007,114.88000000000007,17495
2026-05-21T15:00:00+00:00,114.88000000000007,116.56000000000007,114.57000000000006,116.33000000000007,13289
2026-05-21T16:00:00+00:00,116.33000000000007,117.52000000000007,116.01000000000008,116.41000000000007,11132
2026-05-21T17:00:00+00:00,116.41000000000007,118.92000000000007,116.41000000000007,118.09000000000007,12529
2026-05-21T18:00:00+00:00,118.09000000000007,118.58000000000007,116.71000000000006,117.03000000000007,11684
2026-05-21T19:00:00+00:00,117.03000000000007,118.22000000000007,117.02000000000007,118.04000000000006,12655
2026-05-22T13:00:00+00:00,118.04000000000006,120.75000000000007,117.58000000000007,119.71000000000006,9108
2026-05-22T14:00:00+00:00,119.71000000000006,122.26000000000008,118.20000000000007,121.19000000000007,17501.553092182032
2026-05-22T15:00:00+00:00,121.19000000000007,121.82000000000006,120.14000000000007,120.46000000000006,12358
2026-05-22T16:00:00+00:00,120.46000000000006,120.87000000000008,119.65000000000008,120.39000000000007,10096
2026-05-22T17:00:00+00:00,120.39000000000007,121.16000000000007,120.24000000000007,120.68000000000006,11937
2026-05-22T18:00:00+00:00,120.68000000000006,121.06000000000007,119.74000000000007,119.91000000000007,9960
2026-05-22T19:00:00+00:00,119.91000000000007,120.00000000000007,118.74000000000007,119.30000000000007,14854
2026-05-26T13:00:00+00:00,119.30000000000007,125.14000000000007,116.89000000000007,124.36000000000007,12026
2026-05-26T14:00:00+00:00,124.36000000000007,124.68000000000006,120.43000000000006,122.57000000000006,17330
2026-05-26T15:00:00+00:00,122.57000000000006,123.42000000000007,120.42000000000007,120.70000000000007,16671
2026-05-26T16:00:00+00:00,120.70000000000007,121.54000000000008,120.09000000000007,120.51000000000008,10915
2026-05-26T17:00:00+00:00,120.51000000000008,122.14000000000007,119.88000000000007,121.83000000000007,9631
2026-05-26T18:00:00+00:00,121.83000000000007,122.24000000000007,121.47000000000007,121.79000000000008,8633
2026-05-26T19:00:00+00:00,121.79000000000008,123.83000000000007,121.34000000000007,123.07000000000006,11317
2026-05-27T13:00:00+00:00,123.07000000000006,124.77000000000007,116.61000000000007,119.52000000000007,11991
2026-05-27T14:00:00+00:00,119.52000000000007,120.13000000000007,116.84000000000007,117.90000000000008,16126.199658703072
2026-05-27T15:00:00+00:00,117.90000000000008,118.59000000000007,117.26000000000008,118.16000000000008,15205
2026-05-27T16:00:00+00:00,118.16000000000008,119.70000000000007,117.95000000000007,118.78000000000009,12329
2026-05-27T17:00:00+00:00,118.78000000000009,119.17000000000009,117.77000000000008,118.84000000000007,10581
2026-05-27T18:00:00+00:00,118.84000000000007,120.16000000000008,118.58000000000008,119.76000000000008,8904
2026-05-27T19:00:00+00:00,119.76000000000008,121.40000000000008,119.35000000000008,121.37000000000008,10188
2026-05-28T13:00:00+00:00,121.37000000000008,122.59000000000007,116.98000000000008,117.34000000000007,8942
2026-05-28T14:00:00+00:00,117.34000000000007,119.38000000000008,115.87000000000008,119.21000000000008,17178
2026-05-28T15:00:00+00:00,119.21000000000008,121.70000000000007,119.06000000000009,120.23000000000008,13346
2026-05-28T16:00:00+00:00,120.23000000000008,120.99000000000008,119.72000000000008,120.77000000000008,9547
2026-05-28T17:00:00+00:00,120.77000000000008,121.49000000000008,119.71000000000008,119.90000000000008,8514
2026-05-28T18:00:00+00:00,119.90000000000008,121.40000000000008,119.66000000000008,121.00000000000009,8546
2026-05-28T19:00:00+00:00,121.00000000000009,121.00000000000009,119.62000000000008,120.36000000000008,10268
2026-05-29T13:00:00+00:00,120.36000000000008,126.15000000000008,120.22000000000008,121.51000000000008,8873
2026-05-29T14:00:00+00:00,121.51000000000008,122.11000000000008,117.22000000000008,118.81000000000007,16973.809955958895
2026-05-29T15:00:00+00:00,118.81000000000007,118.91000000000008,117.16000000000008,117.30000000000008,10240
2026-05-29T16:00:00+00:00,117.30000000000008,118.48000000000008,117.30000000000008,117.97000000000008,7511
2026-05-29T17:00:00+00:00,117.97000000000008,118.22000000000008,116.30000000000008,116.49000000000008,7151
2026-05-29T18:00:00+00:00,116.49000000000008,117.72000000000008,116.46000000000008,117.49000000000008,7285
2026-05-29T19:00:00+00:00,117.49000000000008,119.05000000000008,113.03000000000007,114.15000000000008,9784
2026-06-01T13:00:00+00:00,114.15000000000008,114.15000000000008,105.79000000000008,106.37000000000008,14000
2026-06-01T14:00:00+00:00,106.37000000000008,110.93000000000008,106.20000000000007,110.51000000000008,19233
2026-06-01T15:00:00+00:00,110.51000000000008,112.76000000000008,109.77000000000008,110.44000000000008,14498
2026-06-01T16:00:00+00:00,110.44000000000008,110.92000000000007,109.58000000000008,110.75000000000007,11285
2026-06-01T17:00:00+00:00,110.75000000000007,110.97000000000008,109.52000000000008,109.96000000000008,10537
2026-06-01T18:00:00+00:00,109.96000000000008,110.11000000000007,108.75000000000007,108.94000000000008,9683
2026-06-01T19:00:00+00:00,108.94000000000008,109.01000000000008,107.09000000000007,108.73000000000008,12717
2026-06-02T13:00:00+00:00,108.73000000000008,108.73000000000008,103.66000000000008,106.52000000000008,11560
2026-06-02T14:00:00+00:00,106.52000000000008,108.40000000000008,104.95000000000007,108.09000000000007,15698
2026-06-02T15:00:00+00:00,108.09000000000007,108.47000000000008,106.87000000000008,107.79000000000008,10785
2026-06-02T16:00:00+00:00,107.79000000000008,107.89000000000007,106.85000000000008,107.05000000000008,8754
2026-06-02T17:00:00+00:00,107.05000000000008,107.26000000000008,105.76000000000008,106.28000000000007,7662
2026-06-02T18:00:00+00:00,106.28000000000007,107.23000000000008,106.05000000000008,106.59000000000007,6480
2026-06-02T19:00:00+00:00,106.59000000000007,107.45000000000007,106.33000000000008,107.37000000000008,8079
2026-06-03T13:00:00+00:00,107.37000000000008,117.71000000000008,107.37000000000008,113.19000000000008,13163
2026-06-03T14:00:00+00:00,113.19000000000008,114.64000000000007,110.99000000000008,111.21000000000008,17201.55045474231
2026-06-03T15:00:00+00:00,111.21000000000008,112.96000000000008,111.09000000000007,111.72000000000008,13882
2026-06-03T16:00:00+00:00,111.72000000000008,111.92000000000007,110.33000000000008,111.72000000000008,11048
2026-06-03T17:00:00+00:00,111.72000000000008,111.91000000000008,110.58000000000008,111.81000000000007,8767
2026-06-03T18:00:00+00:00,111.81000000000007,112.45000000000007,111.36000000000007,111.70000000000007,8726
2026-06-03T19:00:00+00:00,111.70000000000007,112.40000000000008,110.79000000000008,112.10000000000008,11195
2026-06-04T13:00:00+00:00,112.10000000000008,112.10000000000008,107.34000000000007,107.76000000000008,10002
2026-06-04T14:00:00+00:00,107.76000000000008,109.81000000000007,106.94000000000008,109.37000000000008,19813
2026-06-04T15:00:00+00:00,109.37000000000008,110.19000000000008,108.71000000000008,109.96000000000008,15257
2026-06-04T16:00:00+00:00,109.96000000000008,110.72000000000008,109.68000000000008,110.29000000000008,10488
2026-06-04T17:00:00+00:00,110.29000000000008,111.55000000000008,109.95000000000007,111.46000000000008,8929
2026-06-04T18:00:00+00:00,111.46000000000008,112.59000000000007,111.17000000000007,111.53000000000007,9611
2026-06-04T19:00:00+00:00,111.53000000000007,112.15000000000008,110.60000000000008,111.14000000000007,12654
2026-06-05T13:00:00+00:00,111.14000000000007,111.14000000000007,103.19000000000008,103.24000000000008,13425.15985095482
2026-06-05T14:00:00+00:00,103.24000000000008,106.6000000000001,103.2100000000001,106.17000000000007,19129.7932009785
2026-06-05T15:00:00+00:00,106.17000000000007,106.17000000000007,103.14000000000009,103.90000000000008,17277.751117951688
2026-06-05T16:00:00+00:00,103.90000000000008,103.93000000000008,101.83000000000008,103.11000000000008,21699
2026-06-05T17:00:00+00:00,103.11000000000008,103.16000000000008,101.81000000000009,103.02000000000008,17881
2026-06-05T18:00:00+00:00,103.02000000000008,103.15000000000008,99.70000000000009,101.15000000000008,20104
2026-06-05T19:00:00+00:00,101.15000000000008,101.24000000000008,98.66000000000008,99.23000000000009,22688
2026-06-08T13:00:00+00:00,99.23000000000009,111.15000000000008,99.23000000000009,107.11000000000008,14571
2026-06-08T14:00:00+00:00,107.11000000000008,111.36000000000008,106.88000000000008,111.10000000000008,24076
2026-06-08T15:00:00+00:00,111.10000000000008,112.63000000000008,110.95000000000009,111.62000000000009,19605
2026-06-08T16:00:00+00:00,111.62000000000009,112.51000000000009,110.93000000000008,111.10000000000008,15218
2026-06-08T17:00:00+00:00,111.10000000000008,111.96000000000008,110.11000000000008,111.72000000000008,15940
2026-06-08T18:00:00+00:00,111.72000000000008,112.81000000000009,111.72000000000008,112.18000000000008,11730
2026-06-08T19:00:00+00:00,112.18000000000008,112.27000000000008,109.41000000000008,110.50000000000009,17663
2026-06-09T13:00:00+00:00,110.50000000000009,114.24000000000008,110.50000000000009,111.98000000000009,14591
2026-06-09T14:00:00+00:00,111.98000000000009,112.66000000000008,107.66000000000008,108.75000000000009,36825
2026-06-09T15:00:00+00:00,108.75000000000009,109.82000000000008,103.73000000000009,104.00000000000009,23193
2026-06-09T16:00:00+00:00,104.00000000000009,104.52000000000008,99.71000000000008,101.51000000000009,28103
2026-06-09T17:00:00+00:00,101.51000000000009,105.80000000000008,101.36000000000008,105.05000000000008,36250
2026-06-09T18:00:00+00:00,105.05000000000008,107.41000000000008,104.34000000000009,107.25000000000009,28964
2026-06-09T19:00:00+00:00,107.25000000000009,108.32000000000008,105.08000000000008,108.25000000000009,33658
2026-06-10T13:00:00+00:00,108.25000000000009,111.74000000000008,105.98000000000009,108.15000000000008,15113
2026-06-10T14:00:00+00:00,108.15000000000008,111.23000000000009,107.42000000000009,107.98000000000008,28213.016145537236
2026-06-10T15:00:00+00:00,107.98000000000008,108.62000000000008,105.56000000000007,107.63000000000007,31364
2026-06-10T16:00:00+00:00,107.63000000000007,107.97000000000007,105.53000000000007,105.80000000000007,26329
2026-06-10T17:00:00+00:00,105.80000000000007,107.29000000000006,105.16000000000007,107.14000000000007,23791
2026-06-10T18:00:00+00:00,107.14000000000007,107.63000000000007,106.02000000000007,107.17000000000007,20428
2026-06-10T19:00:00+00:00,107.17000000000007,108.17000000000007,106.21000000000006,107.34000000000007,23654
2026-06-11T13:00:00+00:00,107.34000000000007,118.72000000000007,107.34000000000007,117.50000000000007,22021
2026-06-11T14:00:00+00:00,117.50000000000007,119.68000000000006,112.39000000000007,112.59000000000007,37920
2026-06-11T15:00:00+00:00,112.59000000000007,113.80000000000007,111.86000000000007,113.21000000000006,31172
2026-06-11T16:00:00+00:00,113.21000000000006,113.78000000000007,111.38000000000007,111.39000000000007,24053
2026-06-11T17:00:00+00:00,111.39000000000007,115.53000000000007,110.78000000000007,115.46000000000006,22250
2026-06-11T18:00:00+00:00,115.46000000000006,116.22000000000007,113.49000000000007,116.03000000000007,14152
2026-06-11T19:00:00+00:00,116.03000000000007,118.65000000000006,115.64000000000007,117.21000000000006,17206
2026-06-12T13:00:00+00:00,117.21000000000006,121.32000000000006,115.59000000000007,119.90000000000006,12696
2026-06-12T14:00:00+00:00,119.90000000000006,123.68000000000006,119.90000000000006,123.34000000000006,18122.274374773468
2026-06-12T15:00:00+00:00,123.34000000000006,123.90000000000006,121.24000000000007,121.65000000000006,17595
2026-06-12T16:00:00+00:00,121.65000000000006,125.89000000000006,121.51000000000006,125.30000000000007,20742
2026-06-12T17:00:00+00:00,125.30000000000007,127.93000000000006,125.15000000000006,126.81000000000006,16072
2026-06-12T18:00:00+00:00,126.81000000000006,126.84000000000006,124.86000000000006,125.24000000000007,15312
2026-06-12T19:00:00+00:00,125.24000000000007,126.06000000000006,124.63000000000007,124.94000000000007,15786
2026-06-15T13:00:00+00:00,124.94000000000007,132.91000000000005,124.94000000000007,130.22000000000006,12032
2026-06-15T14:00:00+00:00,130.22000000000006,131.23000000000008,127.46000000000005,128.58000000000004,17417
2026-06-15T15:00:00+00:00,128.58000000000004,130.23000000000005,128.30000000000004,128.66000000000003,12292
2026-06-15T16:00:00+00:00,128.66000000000003,128.89999999999998,127.83999999999997,128.03999999999996,9601
2026-06-15T17:00:00+00:00,128.03999999999996,128.78999999999994,126.99999999999991,128.49999999999994,8478
2026-06-15T18:00:00+00:00,128.49999999999994,128.6299999999999,127.74999999999989,127.91999999999989,7525
2026-06-15T19:00:00+00:00,127.91999999999989,129.02999999999994,127.49999999999994,128.2199999999999,11507
2026-06-16T13:00:00+00:00,128.2199999999999,129.00999999999996,125.24999999999991,126.90999999999995,11084
2026-06-16T14:00:00+00:00,126.90999999999995,127.27999999999994,119.83999999999995,120.39999999999995,22812
2026-06-16T15:00:00+00:00,120.39999999999995,121.77999999999994,118.40999999999995,120.02999999999994,21745
2026-06-16T16:00:00+00:00,120.02999999999994,121.43999999999996,119.95999999999995,120.41999999999994,18311
2026-06-16T17:00:00+00:00,120.41999999999994,121.44999999999995,119.65999999999995,120.87999999999995,12932
2026-06-16T18:00:00+00:00,120.87999999999995,121.07999999999996,119.18999999999996,119.66999999999994,11561
2026-06-16T19:00:00+00:00,119.66999999999994,120.56999999999995,117.18999999999996,117.44999999999995,20890
2026-06-17T13:00:00+00:00,117.44999999999995,122.71999999999994,117.44999999999995,118.48999999999995,13239
2026-06-17T14:00:00+00:00,118.48999999999995,122.17999999999995,118.37999999999995,120.81999999999995,28341.530332143837
2026-06-17T15:00:00+00:00,120.81999999999995,122.19999999999995,120.55999999999995,121.47999999999995,18891
2026-06-17T16:00:00+00:00,121.47999999999995,122.95999999999994,121.16999999999994,122.11999999999995,12597
2026-06-17T17:00:00+00:00,122.11999999999995,122.82999999999994,121.91999999999994,122.81999999999995,11292
2026-06-17T18:00:00+00:00,122.81999999999995,125.51999999999994,120.49999999999994,123.52999999999994,33222
2026-06-17T19:00:00+00:00,123.52999999999994,124.40999999999994,120.22999999999995,121.55999999999995,37767
2026-06-18T13:00:00+00:00,121.55999999999995,135.76999999999992,121.55999999999995,129.90999999999994,15520
2026-06-18T14:00:00+00:00,129.90999999999994,131.58999999999992,128.20999999999992,131.12999999999994,18445.04889665026
2026-06-18T15:00:00+00:00,131.12999999999994,133.53999999999994,130.31999999999994,133.30999999999992,16277
2026-06-18T16:00:00+00:00,133.30999999999992,134.62999999999994,132.11999999999992,134.24999999999994,11175
2026-06-18T17:00:00+00:00,134.24999999999994,134.86999999999992,133.24999999999994,133.38999999999993,9051
2026-06-18T18:00:00+00:00,133.38999999999993,135.54999999999993,133.30999999999992,134.22999999999993,9869
2026-06-18T19:00:00+00:00,134.22999999999993,134.95999999999992,131.86999999999992,134.19999999999993,14401
2026-06-22T13:00:00+00:00,134.19999999999993,141.74999999999994,134.19999999999993,138.00999999999993,16991
2026-06-22T14:00:00+00:00,138.00999999999993,140.51999999999992,137.68999999999994,140.45999999999992,29689
2026-06-22T15:00:00+00:00,140.45999999999992,141.00999999999993,137.92999999999992,138.18999999999994,24592
2026-06-22T16:00:00+00:00,138.18999999999994,140.52999999999992,137.73999999999992,140.24999999999994,19588
2026-06-22T17:00:00+00:00,140.24999999999994,141.24999999999994,139.59999999999994,140.66999999999993,13356
2026-06-22T18:00:00+00:00,140.66999999999993,141.08999999999992,140.14999999999992,140.61999999999992,12683
2026-06-22T19:00:00+00:00,140.61999999999992,141.33999999999992,140.49999999999994,141.22999999999993,14328
2026-06-23T13:00:00+00:00,141.22999999999993,141.22999999999993,128.64999999999992,136.59999999999994,13276
2026-06-23T14:00:00+00:00,136.59999999999994,138.26999999999992,135.74999999999994,136.31999999999994,19859
2026-06-23T15:00:00+00:00,136.31999999999994,137.23999999999992,134.57999999999993,135.73999999999992,14860
2026-06-23T16:00:00+00:00,135.73999999999992,136.96999999999994,134.54999999999993,134.90999999999994,13687
2026-06-23T17:00:00+00:00,134.90999999999994,135.05999999999992,133.10999999999993,133.19999999999993,12527
2026-06-23T18:00:00+00:00,133.19999999999993,133.95999999999992,131.85999999999993,132.76999999999992,12563
2026-06-23T19:00:00+00:00,132.76999999999992,134.23999999999992,131.53999999999994,132.56999999999994,20976
2026-06-24T13:00:00+00:00,132.56999999999994,135.40999999999994,130.33999999999992,132.31999999999994,13974
2026-06-24T14:00:00+00:00,132.31999999999994,136.37999999999994,130.73999999999992,135.70999999999995,26478.289205955334
2026-06-24T15:00:00+00:00,135.70999999999995,136.36999999999995,133.75999999999993,135.02999999999994,19879
2026-06-24T16:00:00+00:00,135.02999999999994,135.48999999999995,131.96999999999994,132.28999999999994,17330
2026-06-24T17:00:00+00:00,132.28999999999994,132.95999999999995,129.22999999999996,129.45999999999995,22449
2026-06-24T18:00:00+00:00,129.45999999999995,131.75999999999993,129.11999999999995,129.29999999999995,20303
2026-06-24T19:00:00+00:00,129.29999999999995,132.25999999999993,128.25999999999993,131.95999999999995,26582
2026-06-25T13:00:00+00:00,131.95999999999995,141.01999999999995,125.72999999999995,125.90999999999995,17970
2026-06-25T14:00:00+00:00,125.90999999999995,131.72999999999996,125.88999999999994,130.26999999999995,32754
2026-06-25T15:00:00+00:00,130.26999999999995,131.91999999999996,128.18999999999994,129.30999999999995,27642
2026-06-25T16:00:00+00:00,129.30999999999995,132.27999999999994,128.35999999999996,130.52999999999994,23875
2026-06-25T17:00:00+00:00,130.52999999999994,132.81999999999994,130.49999999999994,132.43999999999994,19873
2026-06-25T18:00:00+00:00,132.43999999999994,132.85999999999996,130.30999999999995,130.84999999999994,22721
2026-06-25T19:00:00+00:00,130.84999999999994,133.34999999999994,129.69999999999996,133.24999999999994,28112
2026-06-26T13:00:00+00:00,133.24999999999994,133.24999999999994,125.81999999999994,129.5699999999999,15761
2026-06-26T14:00:00+00:00,129.5699999999999,131.51999999999992,128.69999999999993,129.3299999999999,29258.982342686835
2026-06-26T15:00:00+00:00,129.3299999999999,129.8499999999999,127.8299999999999,129.1299999999999,24303
2026-06-26T16:00:00+00:00,129.1299999999999,129.77999999999992,128.1599999999999,129.61999999999992,19286
2026-06-26T17:00:00+00:00,129.61999999999992,130.3299999999999,128.5999999999999,128.61999999999992,15619
2026-06-26T18:00:00+00:00,128.61999999999992,128.83999999999992,127.58999999999999,127.86999999999999,15901
2026-06-26T19:00:00+00:00,127.86999999999999,130.08999999999997,127.58999999999999,127.96999999999997,22979
2026-06-29T13:00:00+00:00,127.96999999999997,128.06999999999996,121.82999999999997,122.27999999999997,13100
2026-06-29T14:00:00+00:00,122.27999999999997,123.92999999999996,118.80999999999997,123.82999999999997,26221
2026-06-29T15:00:00+00:00,123.82999999999997,126.66999999999997,123.75999999999996,126.42999999999996,16442
2026-06-29T16:00:00+00:00,126.42999999999996,129.20999999999995,126.40999999999997,128.95999999999995,13421
2026-06-29T17:00:00+00:00,128.95999999999995,131.38999999999993,128.84999999999994,130.91999999999993,11368
2026-06-29T18:00:00+00:00,130.91999999999993,131.82999999999993,130.65999999999994,131.49999999999994,9153
2026-06-29T19:00:00+00:00,131.49999999999994,132.21999999999994,130.53999999999994,132.00999999999993,12002
2026-06-30T13:00:00+00:00,132.00999999999993,137.74999999999994,131.81999999999994,137.47999999999993,12389
2026-06-30T14:00:00+00:00,137.47999999999993,138.48999999999995,136.56999999999994,137.54999999999993,19348
2026-06-30T15:00:00+00:00,137.54999999999993,140.96999999999994,137.53999999999994,140.32999999999993,14357
2026-06-30T16:00:00+00:00,140.32999999999993,142.08999999999995,140.10999999999993,141.00999999999993,10326
2026-06-30T17:00:00+00:00,141.00999999999993,142.64999999999995,140.98999999999995,141.75999999999993,8637
2026-06-30T18:00:00+00:00,141.75999999999993,141.76999999999992,140.42999999999995,140.63999999999993,8781
2026-06-30T19:00:00+00:00,140.63999999999993,141.39999999999995,139.67999999999995,139.88999999999993,12419
2026-07-01T13:00:00+00:00,139.88999999999993,139.88999999999993,132.71999999999994,133.99999999999994,15104
2026-07-01T14:00:00+00:00,133.99999999999994,134.44999999999993,128.26999999999992,128.80999999999995,25204.47980661956
2026-07-01T15:00:00+00:00,128.80999999999995,130.72999999999993,128.64999999999995,128.95999999999995,19461
2026-07-01T16:00:00+00:00,128.95999999999995,130.28999999999994,128.79999999999993,129.28999999999994,13394
2026-07-01T17:00:00+00:00,129.28999999999994,129.50999999999993,127.72999999999988,127.81999999999988,12536
2026-07-01T18:00:00+00:00,127.81999999999988,128.9699999999999,127.0399999999999,127.41999999999992,12278
2026-07-01T19:00:00+00:00,127.41999999999992,129.7799999999999,126.96999999999986,127.38999999999986,18558
2026-07-02T13:00:00+00:00,127.38999999999986,130.8999999999999,124.67999999999985,130.78999999999988,15580
2026-07-02T14:00:00+00:00,130.78999999999988,130.9899999999999,123.05999999999995,124.56999999999994,39227.520694426974
2026-07-02T15:00:00+00:00,124.56999999999994,125.63999999999993,122.37999999999994,123.92999999999994,35615
2026-07-02T16:00:00+00:00,123.92999999999994,123.94999999999993,119.71999999999993,120.41999999999993,29587
2026-07-02T17:00:00+00:00,120.41999999999993,121.45999999999994,118.76999999999994,119.12999999999994,24853
2026-07-02T18:00:00+00:00,119.12999999999994,120.97999999999993,119.06999999999994,120.27999999999993,23535
2026-07-02T19:00:00+00:00,120.27999999999993,120.72999999999993,117.88999999999993,120.69999999999993,27637
2026-07-06T13:00:00+00:00,120.69999999999993,126.93999999999993,120.69999999999993,125.28999999999994,15634
2026-07-06T14:00:00+00:00,125.28999999999994,127.56999999999994,125.10999999999993,126.45999999999994,24474
2026-07-06T15:00:00+00:00,126.45999999999994,126.79999999999993,124.23999999999994,124.77999999999993,18221
2026-07-06T16:00:00+00:00,124.77999999999993,125.21999999999993,124.22999999999993,124.33999999999993,12582
2026-07-06T17:00:00+00:00,124.33999999999993,124.90999999999993,122.65999999999993,122.94999999999993,13576
2026-07-06T18:00:00+00:00,122.94999999999993,123.76999999999994,122.32999999999993,122.73999999999994,11653
2026-07-06T19:00:00+00:00,122.73999999999994,124.40999999999993,122.27999999999993,122.57999999999993,16065
2026-07-07T13:00:00+00:00,122.57999999999993,122.57999999999993,111.43999999999993,112.82999999999993,19026
2026-07-07T14:00:00+00:00,112.82999999999993,112.82999999999993,108.62999999999994,110.40999999999993,33374
2026-07-07T15:00:00+00:00,110.40999999999993,111.27999999999993,109.02999999999993,109.92999999999994,24204
2026-07-07T16:00:00+00:00,109.92999999999994,112.23999999999994,109.65999999999993,111.18999999999993,21052
2026-07-07T17:00:00+00:00,111.18999999999993,112.59999999999994,110.96999999999993,111.36999999999993,16662
2026-07-07T18:00:00+00:00,111.36999999999993,111.45999999999994,109.27999999999993,109.36999999999993,15669
2026-07-07T19:00:00+00:00,109.36999999999993,110.86999999999993,108.55999999999993,110.68999999999993,24833
2026-07-08T13:00:00+00:00,110.68999999999993,110.68999999999993,107.96999999999993,109.40999999999993,16237
2026-07-08T14:00:00+00:00,109.40999999999993,109.96999999999993,105.88999999999993,106.61999999999993,31891.87001916342
2026-07-08T15:00:00+00:00,106.61999999999993,107.00999999999993,104.68999999999994,105.24999999999994,27348
2026-07-08T16:00:00+00:00,105.24999999999994,107.66999999999993,105.13999999999994,107.16999999999993,21722
2026-07-08T17:00:00+00:00,107.16999999999993,108.50999999999993,106.70999999999994,107.37999999999994,16097
2026-07-08T18:00:00+00:00,107.37999999999994,108.50999999999993,107.17999999999994,107.94999999999993,15456
2026-07-08T19:00:00+00:00,107.94999999999993,110.74999999999994,107.50999999999993,110.50999999999993,18340
2026-07-09T13:00:00+00:00,110.50999999999993,116.85999999999994,110.50999999999993,115.63999999999994,14966
2026-07-09T14:00:00+00:00,115.63999999999994,116.19999999999993,112.52999999999994,113.19999999999993,27899
2026-07-09T15:00:00+00:00,113.19999999999993,113.81999999999994,112.65999999999994,113.41999999999993,16751
2026-07-09T16:00:00+00:00,113.41999999999993,113.98999999999994,112.07999999999994,112.94999999999993,11906
2026-07-09T17:00:00+00:00,112.94999999999993,113.76999999999994,112.74999999999994,112.89999999999993,10198
2026-07-09T18:00:00+00:00,112.89999999999993,113.42999999999994,112.38999999999994,113.17999999999994,10472
2026-07-09T19:00:00+00:00,113.17999999999994,113.19999999999993,111.78999999999994,112.87999999999994,14125
2026-07-10T13:00:00+00:00,112.87999999999994,112.87999999999994,107.69999999999993,109.22999999999993,12276
2026-07-10T14:00:00+00:00,109.22999999999993,110.00999999999993,108.27999999999994,108.74999999999993,25252.275775896815
2026-07-10T15:00:00+00:00,108.74999999999993,110.04999999999993,108.21999999999993,109.52999999999993,20672
2026-07-10T16:00:00+00:00,109.52999999999993,110.14999999999992,109.38999999999993,109.79999999999993,13487
2026-07-10T17:00:00+00:00,109.79999999999993,111.16999999999993,109.66999999999993,110.27999999999993,10077
2026-07-10T18:00:00+00:00,110.27999999999993,110.74999999999993,110.05999999999993,110.24999999999993,10309
2026-07-10T19:00:00+00:00,110.24999999999993,110.66999999999993,109.85999999999993,110.12999999999992,11579
2026-07-13T13:00:00+00:00,110.12999999999992,110.12999999999992,103.65999999999993,105.64999999999992,16145
2026-07-13T14:00:00+00:00,105.64999999999992,106.44999999999992,104.41999999999993,105.65999999999993,25500
2026-07-13T15:00:00+00:00,105.65999999999993,105.99999999999993,104.10999999999993,104.48999999999992,15839
2026-07-13T16:00:00+00:00,104.48999999999992,104.59999999999992,102.92999999999992,103.54999999999993,15603
2026-07-13T17:00:00+00:00,103.54999999999993,104.18999999999993,102.81999999999992,102.97999999999992,13060
2026-07-13T18:00:00+00:00,102.97999999999992,103.63999999999993,102.51999999999992,102.62999999999992,13317
2026-07-13T19:00:00+00:00,102.62999999999992,103.92999999999992,102.10999999999993,103.37999999999992,18025
2026-07-14T13:00:00+00:00,103.37999999999992,108.28999999999992,103.37999999999992,106.55999999999993,17071
2026-07-14T14:00:00+00:00,106.55999999999993,106.81999999999992,103.88999999999993,105.59999999999992,29752
2026-07-14T15:00:00+00:00,105.59999999999992,107.46999999999993,105.41999999999993,107.00999999999992,20276
2026-07-14T16:00:00+00:00,107.00999999999992,107.48999999999992,106.13999999999993,106.81999999999992,15466
2026-07-14T17:00:00+00:00,106.81999999999992,107.76999999999992,106.65999999999993,107.44999999999992,10026
2026-07-14T18:00:00+00:00,107.44999999999992,109.48999999999992,107.30999999999993,108.78999999999992,10825
2026-07-14T19:00:00+00:00,108.78999999999992,109.09999999999992,107.64999999999992,108.13999999999993,15411
2026-07-15T13:00:00+00:00,108.13999999999993,109.82999999999993,105.88999999999993,106.62999999999992,15426
2026-07-15T14:00:00+00:00,106.62999999999992,106.98999999999992,101.64999999999992,102.69999999999993,28831.5755348085
2026-07-15T15:00:00+00:00,102.69999999999993,102.92999999999994,100.89999999999993,101.06999999999994,21433
2026-07-15T16:00:00+00:00,101.06999999999994,101.24999999999994,99.47999999999993,100.96999999999994,19486
2026-07-15T17:00:00+00:00,100.96999999999994,102.63999999999994,100.90999999999994,101.95999999999994,15209
2026-07-15T18:00:00+00:00,101.95999999999994,102.68999999999994,101.40999999999994,101.62999999999994,13380
2026-07-15T19:00:00+00:00,101.62999999999994,103.72999999999993,101.33999999999993,103.30999999999993,16896
2026-07-16T13:00:00+00:00,103.30999999999993,103.30999999999993,98.55999999999993,100.00999999999993,12680
2026-07-16T14:00:00+00:00,100.00999999999993,101.23999999999994,98.85999999999994,99.49999999999994,19033
2026-07-16T15:00:00+00:00,99.49999999999994,99.88999999999994,98.38999999999994,98.40999999999994,15227
2026-07-16T16:00:00+00:00,98.40999999999994,98.58999999999993,96.63999999999994,97.37999999999994,14950
2026-07-16T17:00:00+00:00,97.37999999999994,97.45999999999994,95.75999999999993,95.97999999999993,12678
2026-07-16T18:00:00+00:00,95.97999999999993,97.32999999999994,95.87999999999994,96.67999999999994,13371
2026-07-16T19:00:00+00:00,96.67999999999994,97.49999999999994,95.80999999999993,97.31999999999994,19036
2026-07-17T13:00:00+00:00,97.31999999999994,97.31999999999994,89.88999999999994,93.44999999999993,17988
2026-07-17T14:00:00+00:00,93.44999999999993,96.37999999999994,93.37999999999994,93.48999999999994,30557
2026-07-17T15:00:00+00:00,93.48999999999994,95.95999999999994,92.86999999999993,95.67999999999994,21762
2026-07-17T16:00:00+00:00,95.67999999999994,96.90999999999994,95.29999999999994,96.50999999999993,18571
2026-07-17T17:00:00+00:00,96.50999999999993,98.32999999999994,96.34999999999994,96.57999999999994,15986
2026-07-17T18:00:00+00:00,96.57999999999994,97.04999999999994,95.60999999999994,95.94999999999993,14944
2026-07-17T19:00:00+00:00,95.94999999999993,96.45999999999994,94.95999999999994,95.25999999999993,19194
2026-07-20T13:00:00+00:00,95.25999999999993,98.94999999999993,95.05999999999993,96.83999999999993,13383
2026-07-20T14:00:00+00:00,96.83999999999993,97.45999999999994,95.04999999999993,95.27999999999993,24947
2026-07-20T15:00:00+00:00,95.27999999999993,96.70999999999994,95.11999999999993,96.63999999999993,18899
2026-07-20T16:00:00+00:00,96.63999999999993,97.37999999999992,96.15999999999993,96.63999999999993,15585
2026-07-20T17:00:00+00:00,96.63999999999993,97.00999999999993,96.03999999999994,96.44999999999993,12231
2026-07-20T18:00:00+00:00,96.44999999999993,96.87999999999992,95.87999999999992,96.01999999999992,13315
2026-07-20T19:00:00+00:00,96.01999999999992,96.26999999999992,94.89999999999993,95.10999999999993,18989
2026-07-21T13:00:00+00:00,95.10999999999993,102.14999999999993,95.10999999999993,100.77999999999993,14327
2026-07-21T14:00:00+00:00,100.77999999999993,101.88999999999993,99.18999999999993,101.64999999999993,22901
2026-07-21T15:00:00+00:00,101.64999999999993,102.74999999999993,101.09999999999994,101.67999999999994,16577
2026-07-21T16:00:00+00:00,101.67999999999994,102.96999999999993,101.60999999999993,102.53999999999994,10713
2026-07-21T17:00:00+00:00,102.53999999999994,103.63999999999993,102.52999999999993,103.01999999999992,9063
2026-07-21T18:00:00+00:00,103.01999999999992,103.62999999999992,102.87999999999992,103.14999999999993,7978
2026-07-21T19:00:00+00:00,103.14999999999993,104.13999999999993,102.60999999999993,103.34999999999994,12345
2026-07-22T13:00:00+00:00,103.34999999999994,104.29999999999993,99.58999999999993,104.15999999999993,13709
2026-07-22T14:00:00+00:00,104.15999999999993,104.24999999999993,102.68999999999993,103.59999999999994,26266
2026-07-22T15:00:00+00:00,103.59999999999994,104.81999999999994,103.42999999999994,103.72999999999995,17744
2026-07-22T16:00:00+00:00,103.72999999999995,103.86999999999993,102.43999999999994,102.49999999999994,11838
2026-07-22T17:00:00+00:00,102.49999999999994,102.92999999999994,102.23999999999994,102.30999999999995,10514
2026-07-22T18:00:00+00:00,102.30999999999995,102.69999999999995,101.43999999999994,102.52999999999994,10920
2026-07-22T19:00:00+00:00,102.52999999999994,102.65999999999994,100.48999999999994,100.52999999999994,14883
2026-07-23T13:00:00+00:00,100.52999999999994,101.68999999999994,98.09999999999994,100.13999999999994,14546
2026-07-23T14:00:00+00:00,100.13999999999994,102.14999999999993,99.33999999999995,99.78999999999994,34050
2026-07-23T15:00:00+00:00,99.78999999999994,99.81999999999994,98.07999999999994,99.25999999999993,26006
2026-07-23T16:00:00+00:00,99.25999999999993,100.83999999999995,98.97999999999995,99.35999999999994,21194
2026-07-23T17:00:00+00:00,99.35999999999994,99.56999999999994,97.61999999999993,97.66999999999994,19666
2026-07-23T18:00:00+00:00,97.66999999999994,98.07999999999994,97.20999999999994,97.76999999999994,15677
2026-07-23T19:00:00+00:00,97.76999999999994,98.79999999999994,97.35999999999994,98.10999999999994,17821
2026-07-24T13:00:00+00:00,98.10999999999994,99.63999999999994,93.74999999999994,94.37999999999994,16893
2026-07-24T14:00:00+00:00,94.37999999999994,96.09999999999994,93.34999999999994,95.37999999999994,27216
2026-07-24T15:00:00+00:00,95.37999999999994,95.59999999999994,94.03999999999994,94.97999999999995,21332
2026-07-24T16:00:00+00:00,94.97999999999995,95.45999999999994,92.98999999999994,94.26999999999994,15766
2026-07-24T17:00:00+00:00,94.26999999999994,94.41999999999994,93.36999999999993,93.99999999999994,13331
2026-07-24T18:00:00+00:00,93.99999999999994,94.12999999999994,91.63999999999994,91.74999999999994,15874
2026-07-24T19:00:00+00:00,91.74999999999994,91.88999999999994,89.54999999999994,90.31999999999994,19267
2026-07-27T13:00:00+00:00,90.31999999999994,92.94999999999995,88.57999999999994,88.91999999999994,12206
2026-07-27T14:00:00+00:00,88.91999999999994,89.19999999999995,84.92999999999994,87.87999999999994,24322
2026-07-27T15:00:00+00:00,87.87999999999994,88.40999999999994,86.50999999999993,87.12999999999994,20443
2026-07-27T16:00:00+00:00,87.12999999999994,88.82999999999994,86.91999999999994,87.71999999999994,16811
2026-07-27T17:00:00+00:00,87.71999999999994,88.36999999999993,87.47999999999995,88.36999999999993,11656.065761258042
2026-07-27T18:00:00+00:00,88.36999999999993,89.49999999999991,87.74999999999991,89.43999999999991,9131.620096961087
2026-07-27T19:00:00+00:00,89.43999999999991,90.47999999999992,89.21999999999991,89.67999999999991,14839
2026-07-28T13:00:00+00:00,89.67999999999991,89.67999999999991,82.47999999999992,82.52999999999992,17075
2026-07-28T14:00:00+00:00,82.52999999999992,84.3999999999999,81.09999999999991,84.08999999999992,28175
2026-07-28T15:00:00+00:00,84.08999999999992,86.22999999999992,83.23999999999991,85.44999999999992,20788
2026-07-28T16:00:00+00:00,85.44999999999992,85.6199999999999,84.05999999999992,85.0099999999999,14781
2026-07-28T17:00:00+00:00,85.0099999999999,85.43999999999991,84.19999999999992,84.59999999999991,12364
2026-07-28T18:00:00+00:00,84.59999999999991,84.85999999999991,83.94999999999992,84.5399999999999,11916
2026-07-28T19:00:00+00:00,84.5399999999999,86.05999999999992,84.23999999999991,84.34999999999991,17206
2026-07-29T13:00:00+00:00,84.34999999999991,86.40999999999991,82.2899999999999,82.65999999999991,15809
2026-07-29T14:00:00+00:00,82.65999999999991,83.84999999999991,81.2899999999999,82.23999999999991,26331
2026-07-29T15:00:00+00:00,82.23999999999991,82.62999999999991,80.23999999999991,80.94999999999992,20282
2026-07-29T16:00:00+00:00,80.94999999999992,81.62999999999991,79.7899999999999,81.32999999999991,16486
2026-07-29T17:00:00+00:00,81.32999999999991,82.56999999999991,81.24999999999991,82.19999999999992,15113
2026-07-29T18:00:00+00:00,82.19999999999992,84.74999999999991,81.92999999999992,84.67999999999992,28644
2026-07-29T19:00:00+00:00,84.67999999999992,85.19999999999992,79.75999999999992,79.82999999999991,31664
2026-07-30T13:00:00+00:00,79.82999999999991,89.36999999999992,79.82999999999991,89.28999999999992,16258
2026-07-30T14:00:00+00:00,89.28999999999992,92.04999999999991,88.23999999999992,90.02999999999992,28691
2026-07-30T15:00:00+00:00,90.02999999999992,91.49999999999991,89.44999999999992,90.08999999999992,25952
2026-07-30T16:00:00+00:00,90.08999999999992,91.18999999999991,89.65999999999991,90.50999999999992,16255
2026-07-30T17:00:00+00:00,90.50999999999992,90.89999999999992,89.88999999999992,90.13999999999992,13327
2026-07-30T18:00:00+00:00,90.13999999999992,90.31999999999992,89.08999999999992,89.26999999999991,9562
2026-07-30T19:00:00+00:00,89.26999999999991,90.38999999999992,88.86999999999992,89.14999999999992,14000
2026-07-31T13:00:00+00:00,89.14999999999992,95.85999999999991,89.14999999999992,91.67999999999992,24024
2026-07-31T14:00:00+00:00,91.67999999999992,91.91999999999992,89.92999999999992,91.08999999999992,42409
2026-07-31T15:00:00+00:00,91.08999999999992,91.61999999999992,89.31999999999992,89.88999999999992,32251
2026-07-31T16:00:00+00:00,89.88999999999992,90.68999999999991,89.57999999999991,90.13999999999992,21481
2026-07-31T17:00:00+00:00,90.13999999999992,91.31999999999992,89.78999999999992,90.43999999999991,16155
2026-07-31T18:00:00+00:00,90.43999999999991,90.87999999999991,90.04999999999991,90.56999999999992,13818
2026-07-31T19:00:00+00:00,90.56999999999992,90.79999999999991,88.12999999999991,88.26999999999991,18670
